combo,case_id,fss_tier,topic,rules,overpromoted,fact
fictitious_entry_high,2018-2019-18,HIGH,수익통계,L2-02+L3-02+L3-11+L4-01+L4-03,False,"S사는 X4년 연결 및 별도재무제표에서 제조되지 않거나 출고되지 않은 상품을 매출로 계상하는 등의 방법으로 매출 및 매출원가를 허위계상하고, 거래처에 자금을 대여한 후 이를 통해 매출 대금이 회수된 것으로 가장하여 대손상각비 계상을 회피함"
fictitious_entry_high,2010-가-A,HIGH,수익통계,L2-03+L3-02+L4-01+L4-03,False,"前대표이사가 회사자금을 유출한 사실을 은폐하기 위하여 상품을 허위 매입하여 물류창고에 보관하고 있는 것처럼 조작하여 상품 재고자산 허위 계상, 허위 매입한 상품에 대하여 세금계산서를 발행·매출처리하여 매출채권 허위계상"
fictitious_entry_high,2010-아-G,HIGH,수익통계,L2-03+L3-02+L4-01+L4-03,False,"도급순위를 제고하기 위하여 도급계약서 등을 허위로 작성하는 방법으로 가공매출 및 가공매출원가를 계상하고, 이로 인해 발생한 순자산부족액을 은폐하기 위하여 가공자산 등을 계상하여 자기자본을 과대계상"
fictitious_entry_high,2010-나-Hh-2,HIGH,수익통계,L2-03+L3-02+L4-01+L4-03,False,회사는 상장폐지사유를 모면하기 위해 다른 회사간 상품거래에 개입하여 실물이동 없이 세금계산서 등을 수수하고 타인의 자금을 이용하여 자금거래가 있는 것처럼 가장하여 매출액 및 매출원가를 허위계상
fictitious_entry_high,A5-다-T,HIGH,중복자금유출,L1-05+L2-02+L3-02+L4-03,False,"대표이사가 회사자금을 무단 인출하고 이를 상환하지 못하고, 동 대표이사의 차입금에 담보로 제공한 회사예금이 상계처리되어 회사의 자금이 부족하자, 이를 은폐할 목적으로 제3자 명의로 발행된 양도성예금증서를 매입한 것처럼 회계장부 및 취득증빙 등을 조작하여 단기금융상품 722억원을 허위로 "
fictitious_entry_high,A5-마-V,HIGH,중복자금유출,L1-05+L2-02+L3-02+L4-03,False,"대표이사의 회사자금 무단인출로 현금시재가 장부잔액보다 106억원 부족한 것을 은폐하기 위하여, 사채업자로부터 일시적으로 빌린 자기앞수표 4매를 이용하여 현금및현금등가물 106억원을 허위계상하고 특수관계자와의 거래내용을 주석으로 기재하지 아니함"
fictitious_entry_high,A5-사-E,HIGH,중복자금유출,L1-05+L2-02+L3-02+L4-03,False,"대표이사가 회사자금을 무단 인출하였으나 이를 은폐하기 위해, 종업원에게 대여한 것처럼 허위의 금전소비대차계약서를 작성하는 방법으로 단기대여금을 허위로 계상하고 주석에도 종업원에게 대여한 것으로 허위표시한 사실이 있음"
fictitious_entry_high,2012-다,HIGH,수익통계,L3-02+L4-01+L4-04,False,관계기업 등과 공모하여 자사 주식 시세조종 목적으로 인출한 자금으로 보안장비를 매입한 것처럼 위장하여 재고자산을 허위계상한 후 이를 관계기업에 매출한 것처럼 매출을 허위 계상함으로써 상장폐지를 회피
fictitious_entry_high,2012-라,HIGH,수익통계 / 결산시점,L3-02+L3-04+L3-11+L4-01+L4-03,False,"거래의 실질상 회사가 거래 당사자로 포함될 이유가 없었음에도 불구하고, 회사와 타사의 100% 자회사가 동 거래의 당사자인 것처럼 거래계약서 및 세금계산서를 작성하여 우회매출을 발생시킴으로써 매출 및 매출원가를 과대계상함. '09.12월에 매출이 대규모(848백만원, '09년 전체 매출"
fictitious_entry_high,2012-자-나,HIGH,결산시점,L1-05+L3-02+L3-04+L4-03,False,대표이사가 결산일에 문방구 약속어음을 회사에 제출하여 '미수금' 및 '자산수증이익'으로 계상한 후 익년 2월말에 회사 계좌에 입금하여 미수금이 회수된 것처럼 처리하여 자산수증이익을 허위계상
fictitious_entry_high,2012-타-가,HIGH,중복자금유출 / 수익통계,L1-05+L2-02+L3-02+L4-01,False,"업무집행지시자(회장)의 배임·횡령, 가공매출 계상 등 불법행위의 결과로 회사에 존재하지 않는 예금 및 약정투자자산을 통장, 은행조회서 등을 위조하여 실재하는 것처럼 회계처리"
fictitious_entry_high,2011-가-다,HIGH,수익통계,L2-03+L3-02+L3-11+L4-01+L4-03,False,"관리종목 지정을 회피할 목적으로 실제 거래가 없음에도 허위의 세금계산서를 발급하여 매출로 인식하였고, 출고되지 않은 상품까지 매출로 인식하였으며, 자회사 등 타사의 매출을 회사의 매출로 계상하는 등 매출 및 매출원가를 과대 계상. 매출의 대부분(85.0%)이 당기 중 신규사업에서 발생한"
fictitious_entry_high,2011-가-라,HIGH,수익통계,L2-03+L3-02+L4-01,False,"홍콩에 설립한 페이퍼컴퍼니 및 국내 하청업체 등을 이용하여 가공의 제품, 재공품 등 매출거래와 원재료 매입거래를 발생시켜 재고자산, 매출채권 및 매입채무, 매출 및 매출원가를 허위계상"
fictitious_entry_high,2015-가,HIGH,수익통계,L2-03+L3-02+L3-11+L4-01,False,매출액이 30억원에 미달시 관리종목으로 지정될 가능성이 높은 회사가 생산·판매되지 않은 제품에 대한 허위의 세금계산서·거래명세표 등을 이용하여 매매거래가 있었던 것처럼 허위의 매출을 계상. 인터넷전화기 매출 거래와 관련하여 매출처인 OO㈜으로부터 받은 대가와 외주가공처인 ㈜△△에 지급한
fictitious_entry_high,2015-다,MEDIUM,수익통계,L2-03+L3-02+L4-03,True,회사는 자본잠식으로 인해 관리종목으로 지정되는 것을 회피하기 위해 부실채권을 우량 거래처의 개별 매출채권 및 선급금 잔액에 안분하는 방식으로 매출채권 등을 허위계상하여 당기순이익 및 자기자본을 과대계상함. 감사인이 발송한 조회서 상의 허위잔액에 대해 '이상없음'을 적시하여 회신하도록 거
fictitious_entry_high,2015-라,MEDIUM,계정분류,L2-03+L3-02+L4-03,True,"타처보관 재고자산 등 수량 조작, 부실채권을 가공의 재고자산으로 대체계상, 재고자산 단가를 임의적용하거나 원재료 매입단가를 부풀리는 방법으로 재고자산을 과대계상함"
fictitious_entry_high,2015-아,HIGH,중복자금유출,L1-05+L2-02+L3-02+L4-03,False,"자회사를 설립하여 6백만불을 송금하고, 송금후 1~2일내 전액 불법인출하여 자회사가 보유한 자산이 없는 등 지분법적용투자주식의 가치가 없음에도 불구하고, 자회사가 송금받은 거액의 예금자산을 보유하고 있는 것처럼 은행 조회서를 위조하는 등의 방법으로 자회사에 대한 지분법 적용투자주식을 허"
fictitious_entry_high,A-2유형-가,HIGH,중복자금유출 / 수익통계,L1-05+L2-02+L3-02+L4-01+L4-03,False,"회사는 제37기에 대표이사가 사채업자로부터 자금을 차입하여 경영권 취득후 회사자금을 무단 인출하고 이를 은폐하기 위하여 단기대여금을 과대계상하는 한편, 상품매입으로 처리한 후 가공의 매출을 계상함으로써 매출채권 과대계상"
fictitious_entry_high,A-2유형-나,HIGH,수익통계,L2-03+L3-02+L4-01,False,"(주)□□사, (주)⃝⃝사 3자간 허위매출 순환거래에 개입하여 매출 및 매출원가를 과대계상함"
fictitious_entry_high,A-2유형-다,HIGH,수익통계,L2-03+L3-02+L4-01,False,"관리종목 지정 회피를 위하여 실제 매출·매입거래가 없었음에도 (주)□□사, (주)⃝⃝사와의 매출채권 및 매입채무를 허위계상"
fictitious_entry_high,A-2유형-자,HIGH,중복자금유출,L1-05+L2-02+L3-02+L4-03,False,회사 자금의 부당인출을 은폐할 목적으로 ⃝⃝사와 허위의 영업권 이전 계약서를 작성하고 가공의 선급금을 계상. 회사 자금의 부당인출을 은폐할 목적으로 주식 취득 대금을 지급한 것처럼 회계처리하여 지분법적용투자주식을 과대계상함
fictitious_entry_high,2014-가,HIGH,수익통계,L3-02+L4-01+L4-03+L4-04,False,"N사 등 3개사와 특수필름 판매계약, P사 등 2개사와 동 필름 생산을 위한 원재료 구매계약을 각각 허위로 체결한 후, 관련 매출·매입 세금계산서, 거래명세서 등 서류도 허위로 작성하여 매출액·매출원가·매출채권 및 매입채무를 과대계상 하였음"
fictitious_entry_high,2014-다,HIGH,계정분류,L3-02+L4-03+L4-04,False,"계열회사를 합병하면서 승계한 불량 매출채권 등 부실자산을 재무제표에 즉시 반영하여 손실처리 할 경우 재무상황이 크게 악화된다는 사실을 인식하고, 이를 숨기기 위해 가공의 재고자산 및 유형자산으로 대체 계상하여 자기자본을 과대계상 하였음"
fictitious_entry_high,2014-가(선급금),HIGH,횡령은폐→중복자금유출,L1-05+L3-02+L4-03,False,"회사가 2회 연속 자본잠식률 50%이상으로 상장폐지 위기에 처하자 가장납입을 통해 현금및현금성자산을 허위계상 한 후, 이를 은폐하기 위해 대주주는 회사명의로 광업권자에게 무통장입금하는 방식으로 선급금으로 계상함"
fictitious_entry_high,2014-나(금융자문),HIGH,수익통계,L3-02+L3-11+L4-01+L4-03,False,회사가 SPC를 이용하여 실제 PF사업을 영위하면서 발생하지도 않은 PF사업이익을 금융자문수수료로 위장하고 선인식하여 이익잉여금을 과대계상 하였음
fictitious_entry_high,2014-가(유형자산허위),HIGH,계정분류,L3-02+L4-03+L4-04,False,"D사 등 2개사와 터치스크린 패널관련 기계장치를 제작·구매하는 허위계약을 체결하고, 가공의 기계장치를 새로 취득한 것처럼 회계처리하여 유형자산을 허위계상 하였음"
fictitious_entry_high,2016-라(공사수익조작),HIGH,수익통계,L3-02+L3-11+L4-01+L4-03,False,"진행기준에 따라 매출액을 인식하는 회사는 총공사예정원가를 임의로 축소·조작하고, 공사현장간 발생원가 부당대체 분개를 ERP 시스템에 입력하는 방법으로 프로젝트별 진행률을 조작하여 매출 및 매출채권을 과대계상함"
fictitious_entry_high,2016-사(재고과대),HIGH,계정분류,L3-02+L3-04+L4-03+L4-04,False,"허위 결산조정전표를 입력하고 재고자산 수불부, 제조원가명세서 등을 조작하는 방식으로 실제 존재하고 있지 않는 가공의 재공품, 반제품, 파지 등을 재무제표에 계상하여 기말 재고자산 및 당기순이익을 과대계상하였음"
fictitious_entry_high,2013-가(공사수익),HIGH,수익통계,L3-02+L3-11+L4-01+L4-03,False,"손실이 발생하는 공사의 공사원가를 공사가 시작되지 않거나 진행 초기단계의 공사에 임의로 배분하고, 공사에 투입되지 않은 재고자산을 공사에 투입된 것처럼 회계처리하여 공사진행률을 과다하게 산정하였으며, 해외에서 진행되고 있던 공사의 기성고를 잘못 추정하고 총공사예정원가를 과소추정하여 매출"
fictitious_entry_high,2013-다(매출허위),HIGH,수익통계,L3-02+L3-11+L4-01+L4-03,False,"투자유치 목적으로 영업실적을 부풀리기 위해 허위의 세금계산서를 발행하는 방법 등으로 매출을 과대계상하고, 연구매출에 필수적인 관계기관의 인·허가 또는 거래처의 동의가 이루어지지 않아 계약이행이 사실상 불가능하여 수익인식요건을 충족하지 못함에도 매출로 인식함"
fictitious_entry_high,2013-나(지분법허위),HIGH,중복자금유출,L1-05+L2-03+L3-02+L4-03,False,"아무런 공장시설 및 실체가 없는 페이퍼컴퍼니를 이용하여 사채업자를 통해 융통된 자금으로 사모증자 형식으로 가장납입하고 그 증자대금으로 페이퍼컴퍼니의 지분 100%를 취득한 것처럼 가장하였으나 자금추적 결과 사채업자 차입금을 상환하였고 페이퍼컴퍼니는 매출, 본사 및 공장이 존재하지 않는 "
fictitious_entry_high,2013-나(선급금횡령),HIGH,중복자금유출,L1-05+L2-02+L2-03+L3-02+L4-03,False,"전 등기이사 겸 실질사주 등의 횡령사실을 은폐하기 위해 거래업체와 허위의 계약서, 세금계산서 등을 작성하여 매출채권, 선급금 및 대여금 등으로 인식하고, 사채업자에게 자금을 빌려 일시적으로 은행에 입금하는 등 자산을 허위계상"
fictitious_entry_high,2017-라(재고과대),MEDIUM,계정분류,L3-02+L3-03+L4-03,True,"회사는 재고자산이 장부수량과 실제수량이 일치하지 않자, 최대주주 및 그 종속회사에 이동하여 보관하고 있는 것으로 허위증빙을 작성하는 방식으로 실제 존재하고 있지 않는 가공의 원재료를 재무제표에 계상하여 기말 재고자산 및 당기순이익을 과대계상하였음"
fictitious_entry_high,2017-나(종속허위전표),HIGH,계정분류,L3-02+L4-03+L4-04,False,회사는 종속회사가 허위의 전표 등을 이용하여 재고자산 등 자산을 과대계상하고 매입채무 등 부채를 과소계상하는 등 회계처리기준을 위반하여 재무제표를 작성하였음에도 이를 검토하지 아니하고 그대로 인용하여 연결재무제표를 작성
fictitious_entry_high,2018-다(매도가능증권허위),HIGH,중복자금유출,L2-03+L3-02+L3-04+L4-03,False,동 매도가능증권에 대한 손상 인식을 막기 위해 회사 자금을 허위로 지급하고 자금이 정상 회수된 것으로 가장함
fictitious_entry_high,2018-바(선급금횡령),HIGH,중복자금유출,L1-05+L2-02+L3-02+L4-03,False,"전대표이사는 허위 거래나 가격을 부풀린 거래 등을 통해 회사 자금을 횡령하였고, 이 과정에서 회사 재무제표에 선급금 및 유형자산 등이 과대계상된 사실이 있음"
fictitious_entry_high,A-1유형-다,HIGH,수익통계 / 중복자금유출,L1-05+L2-03+L3-02+L4-01+L4-03,False,"K사는 대표이사가 허위의 매입세금계산서를 교부받아 매출원가를 허위 계상하고, 허위의 매출세금계산서를 교부하여 매출 및 외상매출금을 허위 계상하며, 실제 대여 사실이 없음에도 단기대여금을 허위 계상하는 등 자금을 임의로 사용하였음"
fictitious_entry_high,A-1유형-라,HIGH,수익통계,L3-02+L3-11+L4-01+L4-03,False,"D사는 특정 건설현장의 예정원가를 임의로 낮추거나 전체 발생원가를 개별 공사현장에 임의로 많이 배분하는 방법으로 공사진척도를 높여 공사수익을 앞당겨 회계처리하고, 도급금액이 감액되었거나 해약된 현장임에도 정상적인 공사가 진행된 것처럼 허위의 공사수익을 계상하였음"
fictitious_entry_high,A-1유형-마,HIGH,수익통계,L2-03+L3-02+L4-01+L4-03,False,K사는 G사 등 104개 거래처와 허위의 세금계산서를 수수하는 방법으로 매출액 및 매출채권을 43억원 과대계상함
fictitious_entry_high,A-1유형-바,HIGH,수익통계,L3-02+L3-11+L4-01+L4-03+L4-04,False,D사는 부실 현장 공사원가를 신규·저진행 현장 공사원가로 임의 대체하거나 공사원가를 건설중인 자산의 원가로 대체하거나 공사진행률을 허위로 높여 수익을 조기에 과다하게 인식하는 방법으로 공사수익을 과대계상하고 공사미수금을 과대계상 또는 공사선수금을 과소계상함
fictitious_entry_high,A-1유형-사,HIGH,수익통계,L3-02+L3-11+L4-01+L4-03,False,"T사는 해외거래처에 대해 허위로 수출을 계상하여 가공의 매출채권이 발생하였고, 선하증권(B/L)을 운송알선업자로부터 미리 발급받는 방법으로 차기 수출을 당기 수출로 처리하여 매출액을 과대계상하고 단기차입금을 누락하였음"
fictitious_entry_high,B-2유형-가,HIGH,수익통계,L3-02+L4-01+L4-04,False,B사는 매출액 30억원 달성이 어려워지자 A사가 완제품을 C사에 직접 배송한 거래를 회사가 제품매출로 계상함으로써 매출액 및 매출원가를 허위계상함
fictitious_entry_high,B-2유형-다,HIGH,수익통계,L1-06+L3-02+L4-01+L4-04,False,P사의 회계부장은 목표매출액 달성을 위해 S사의 회계부장과 협의하여 S사로 하여금 매출세금계산서를 발급하게 하여 매입으로 계상함으로써 X2년 매출 및 매출원가를 각각 71억원 과대계상하였음
fictitious_entry_high,B-2유형-라,HIGH,수익통계,L3-02+L3-11+L4-03+L4-04,False,"D사는 특수관계자인 A건설과 허위의 세금계산서를 수수하여 X1년 결산시 상품매출과 상품매출원가를 각각 43,022백만원 과대계상함"
fictitious_entry_high,B-2유형-바,HIGH,수익통계,L3-02+L4-01+L4-04,False,소프트웨어 개발업체인 S사는 다른 3개 회사와 공모하여 가공의 세금계산서 등을 발행하는 방법으로 매출액(26억원) 및 매출원가(20억원)를 허위로 계상하고 자기자본을 과대계상함
fictitious_entry_high,B-2유형-사,HIGH,수익통계,L3-02+L3-03+L4-01+L4-04,False,Y사는 관계회사인 D사와 동사의 거래처와의 매출·매입 거래와 관련하여 서류상으로 Y사가 중간에 개입하여 매출과 매입을 발생시킨 것처럼 꾸미는 방법으로 매출액 및 매출원가를 각각 32억원 허위계상하였음
fictitious_entry_high,B-2유형-자,HIGH,수익통계,L3-02+L3-04+L4-01+L4-04,False,T사는 코스닥상장규정에 따라 상장폐지가 예상되자 최대주주 등과 조직적으로 공모하여 가공의 세금계산서 등을 발행 및 수취하는 방법으로 매출 및 매출원가를 과대계상함
fictitious_entry_high,FSS2008-08-1,HIGH,수익통계,L1-05+L3-02+L3-04+L4-03,False,"A사의 회계팀은 경영진이 원하는 수준의 매출·영업이익으로 맞추도록 지시받아 수주액, 공사예정원가, 발생원가의 프로젝트 번호 등을 조작하여 진행률을 과대 산정하고 매출 및 매출채권을 과대계상하였다"
fictitious_entry_high,FSS1912-23-1,HIGH,수익통계,L2-02+L3-02+L4-01+L4-04,False,"S사는 제조되지 않거나 출고되지 않은 상품을 매출로 계상하는 등의 방법으로 매출 및 매출원가를 허위계상하고, 거래처에 자금을 대여한 후 이를 통해 매출 대금이 회수된 것으로 가장하여 대손상각비 계상을 회피하였다"
fictitious_entry_high,FSS2008-01-1,HIGH,수익통계,L3-02+L4-01+L4-04,False,"A사는 원활한 투자유치를 위해 기간통신사업자 허가획득 실패 등으로 계약이행이 불가능한 상황에서도 거래처에 발행한 세금계산서를 근거로 연구개발 매출 12억원을 계상하고, 제품 납품 없이 세금계산서만 발행하여 매출 1억원을 계상하였다"
fictitious_entry_high,매출및매출원가허위-1,HIGH,수익통계,L2-02+L3-02+L3-03+L4-01+L4-04,False,A사는 '14년~'16년 기간 중 해외 차명회사(페이퍼컴퍼니) C사에 판매한 것처럼 허위 매출을 계상하고 해외 종속회사 B사를 통해 자금을 우회 송금하여 매출채권이 정상 회수된 것처럼 처리하고 대손충당금을 환입하였다
fictitious_entry_high,유형자산허위-1,HIGH,중복자금유출,L1-05+L2-02+L3-02+L4-03,False,회사의 대표이사이자 최대주주 B는 차명 주주 및 대표이사를 내세운 C사에 공사비를 과도하게 지급하고 가공공사가 실제 실행된 것처럼 허위증빙들을 작성하여 유형자산 및 감가상각비를 과대계상하였다
fictitious_entry_high,FSS1912-1-1,HIGH,수익통계,L3-02+L3-03+L3-11+L4-01+L4-04,False,"A사는 '14년 재무제표에서 관리종목 지정 기준(5,000백만원) 회피를 위해 제조·가공 및 이동사실이 없는 중고제품을 인도한 것처럼 허위의 재고자산수불부 및 지출결의서를 작성하여 관계회사 B사에 대한 매출 및 매출원가를 과대계상하였다"
fictitious_entry_high,FSS2112-01-1,HIGH,수익통계,L3-02+L4-01+L4-04,False,"A사는 방송통신장비 제조업체로 와이브로 기술 라이선스 계약이행이 불가능한 상황에서 거래처 세금계산서를 근거로 연구개발 매출 12억원을 계상하고, 제품 인도 없이 납품테스트 불통과 제품도 매출 1억원으로 인식하였다"
fictitious_entry_high,FSS2008-13-1,HIGH(NEW조합),중복자금유출,L3-02+L3-03+L3-10+L4-03,False,"회사는 타사의 재고자산을 자사의 재고자산으로 허위계상하기 위하여 운송계약서, 물품입고·보관확인서 및 계근목록표 등을 허위로 작성하고 특수관계자인 B사 및 C사와 공모하여 감사인에게 허위의 조회서를 제출하였다. 회사는 재고자산 잔액을 조작하는 방법으로 완전자본잠식에 따른 상장폐지를 모면하"
fictitious_entry_high,FSS2112-02-1,HIGH,수익통계,L3-02+L3-03+L4-01+L4-03,False,"회사는 최대주주가 변경된 후 최대주주의 친인척이 운영 중인 B사 및 B사의 주요 거래처인 C사 등과 공모하여 원재료 및 제품의 실제 인수·도 및 제조과정 없이 매출·매입세금계산서, 거래명세서 등 관련 서류를 조작하여 매출 238억원, 매출원가 244억원, 매출채권 149억원, 매입채무 "
fictitious_entry_high,FSS2112-16-1,HIGH(NEW조합),중복자금유출,L3-02+L3-03+L3-10+L4-03,False,"회사는 '13년 회사가 최대주주인 B사 및 종속회사 C사가 보유한 재고자산 24,999백만원 상당을 타처보관재고자산으로 가장하여 재무제표에 허위계상하였다. 회사는 타사의 재고자산을 자사의 재고자산으로 허위계상하기 위하여 운송계약서, 물품입고·보관확인서 및 계근목록표 등을 허위로 작성하고"
fictitious_entry_high,매출허위-1,HIGH,수익통계,L2-03+L3-02+L3-03+L3-11+L4-01,False,"회사는 종속회사와 과거에 체결한 용역계약의 계약금액을 임의로 100% 증액하여 매출 및 매출채권을 추가로 인식하고, 영업손실을 영업이익으로 전환하였으며, 대여금 명목으로 종속회사에 자금을 이체하고, 당일 돌려받는 방법으로 인식한 매출채권을 회수하였다."
fictitious_entry_high,선급금허위-1,HIGH,중복자금유출 / 승인통제,L1-05+L2-02+L3-02+L4-03,False,현 경영진이 前 대표이사의 인출 자금에 대해 정당한 지출증빙 등이 없어 상환요구하고 상환확약서까지 징구한 사실은 회사가 前 대표이사의 횡령·배임 혐의를 인지하였다는 것을 의미함에도 회사는 前 대표이사가 인출한 자금을 선급금을 과대계상하였다.
fictitious_entry_high,FSS2112-27-1,HIGH(NEW조합),수익통계 / 중복자금유출,L1-05+L3-02+L4-03,False,"회사는 '11년 12월 관리종목 지정을 회피하기 위해 대표이사가 제공한 문방구어음 25억원을 미수금 및 자산수증이익으로 계상하였다. '12년 2월 회사의 실질사주 B는 회사 계좌에 25억원을 입금하여 미수금이 회수된 것처럼 회계처리하였고, '12년 3월 회계감사가 종료된 이후에 회사 통"
fictitious_entry_high,감리2013-1-나,HIGH,수익통계 / 중복자금유출,L2-03+L2-05+L3-02+L4-01+L4-03,False,"B사는 매 사업연도말에 차입금 연장 등 자금조달을 위해 영업이익이 이자비용을 누락하거나 가공의 매출 및 매출채권을 계상하는 등의 방법으로 매년 이익을 조작하였고, 기업어음(CP) 발행으로 인한 단기차입금 등의 부채와 가공의 매출채권이나 관계회사에 대한 대여금 등의 자산을 매년 상계처리하"
fictitious_entry_high,A-6유형-나,HIGH,수익통계 / 중복자금유출,L2-03+L2-05+L3-02+L4-01+L4-03,False,"B사는 매 사업연도말에 차입금 연장 등 자금조달을 위해 가공의 매출 및 매출채권을 계상하는 등의 방법으로 매년 이익을 조작하였고, 기업어음(CP) 발행으로 인한 단기차입금 등의 부채와 가공의 매출채권이나 관계회사에 대한 대여금 등의 자산을 매년 상계처리하여 부채비율이 양호한 것처럼 처리"
fictitious_entry_high,FSS2008-11-1,HIGH,수익통계,L1-05+L3-02+L3-11+L4-01,False,A사는 공사수익이 발생하지 않는 현장에서 공사수익이 발생하는 현장으로 공사원가를 대체하여 공사진행률을 조작하는 방법으로 공사수익을 과대계상하였다. 대표이사 甲은 결산담당자로부터 공사부문 가결산 보고를 받는 과정에서 공사수익을 집중적으로 확인한 후 특정 공사현장의 원가를 타 현장으로 대체
fictitious_entry_high,FSS2008-09-1,HIGH(NEW조합),수익통계 / 결산시점,L1-05+L3-02+L3-04+L4-01,False,A사 대표이사 甲은 회사의 이익이 급증함에 따라 국내 완성차업체로부터 단가인하 압력이 거세질 것을 우려하여 해외 피투자회사의 손익을 과소계상하여 회사의 지분법적용투자주식을 과소계상하는 방법으로 회사의 이익을 감소시킬 것을 지시하였다. 회사는 '09년 결산과정에서 해외 피투자회사의 매출을
fictitious_entry_high,A-7유형-나,HIGH,수익통계 / 중복자금유출,L2-03+L2-05+L3-02+L4-01+L4-03,False,"B사는 매 사업연도말에 차입금 연장 등 자금조달을 위해 영업이익이 이자비용을 누락하거나 가공의 매출 및 매출채권을 계상하는 등의 방법으로 매년 이익을 조작하였고, 기업어음(CP) 발행으로 인한 단기차입금 등의 부채와 가공의 매출채권이나 관계회사에 대한 대여금 등의 자산을 매년 상계처리하"
fictitious_entry_high,FSS2008-20-1,HIGH,중복자금유출 / 승인통제,L1-05+L2-02+L3-02+L4-03,False,"실질사주였던 A씨는 완전자본잠식에 의한 상장폐지가 우려되자 60억원은 A씨가 사채업자로부터 조달한 금액으로, 주금을 납입한 즉시 인출하여 사채업자에게 변제하였다. 또한 회사는 D사와 허위 부동산 매매계약을 체결하였으며, 유형자산 및 미수금을 허위계상하였다."
fictitious_entry_high,FSS2008-14-1,HIGH(NEW조합),수익통계 / 결산시점,L1-05+L3-02+L3-04+L4-01,False,"회사는 '09년 결산과정에서 해외 피투자회사의 매출을 과소계상하고 대손충당금을 과대계상하여 회사의 지분법적용투자주식을 과소계상하였으며, '10년 결산과정에서 전년도의 회계처리 위반사항을 수정하지 않은 상태에서 해외 피투자회사의 감가상각누계액을 과대계상하여 회사의 지분법적용투자주식을 과소"
fictitious_entry_high,FSS2206-01,HIGH,수익통계,L3-02+L4-01+L4-04,False,"""회사는 '15년～'19년 기간 중 거래처들 간의 거래 단계에 끼어들기 방식으로 가공의 매출 및 매출원가를 계상하였다. 내부의 결재문서를 통해 대표이사의 지시 아래 이루어진 정황이 확인되었다."""
fictitious_entry_high,FSS2206-04,HIGH,결산시점 / 수익통계,L1-05+L3-02+L3-04+L4-03,False,"""재무담당임원의 지시에 따라 의도적으로 선수금을 조기에 매출로 인식하였고, '17.12.31.에는 전산상으로 건당 수백만원에서 수천만원의 허위 수강료 수입 및 교재 수입 매출전표를 생성하여 매출로 계상하는 회계처리 하였다."""
fictitious_entry_high,FSS2311_02-01,HIGH,"수익통계, 결산시점",L3-02+L3-04+L3-11+L4-01,False,"""회사는 협력업체와 담합하여 연말에 집중적으로 회계담당부서에 발주서를 제출하고 세금계산서를 발행하는 등 '밀어내기 매출'을 실행하여 매출을 과대 계상하였다."""
fictitious_entry_high,FSS2405-02-01,HIGH,수익통계,L2-03+L3-02+L4-01+L4-03,False,"회사는 이면약정에 따라 실물재고의 이동이 없이 허위의 세금계산서를 발행하여 서류상으로만 매입 및 매출을 처리하는 등 재화의 소유에 따른 유의적인 위험과 보상이 이전되지 않았음에도 매출 등을 허위로 인식하였다. 또한, 회사는 동 허위매출 등을 발생시킨 이면약정을 은폐하여 외부감사인의 정상"
fictitious_entry_high,FSS2405-04-01,HIGH,수익통계,L2-03+L3-02+L4-01+L4-03,False,"회사는 영업실적을 부풀리기 위해 중고폰 유통업을 실제로 영위하지 않았음에도 가공세금계산서 발급 등의 불법 행위를 통해 허위의 매출 및 매출원가를 계상하였다. 감사인에게 제시할 금융거래내역을 만들어내기 위해 실질사주로부터 일정 자금을 빌려 매출처에서 회사, 회사에서 매입처 등으로 순차적으"
fictitious_entry_high,FSS2405-09,HIGH(NEW조합),수익통계,L3-02+L4-03+L4-04,False,"""회사는 허위계약을 통해 전환사채 및 콜옵션을 취득한 것으로 가장하여 자산성이 없는 파생상품자산을 계상함으로써 당기순이익 및 자기자본을 과대 계상하였다."""
fictitious_entry_high,FSS2405-10,HIGH,중복자금유출,L2-02+L2-03+L3-02+L3-03+L3-09+L4-03,False,"""회사는 경영진의 횡령을 은폐하기 위해 거래처와 실물재고의 이동이 없는 허위계약을 체결하거나 허위의 건설계약을 체결하여 가공의 자산 및 비용을 인식하였다. 또한, 경영진이 차명으로 설립한 B사와 허위의 물량보증계약을 체결하고 이를 이행한 것처럼 허위로 외주가공비 등을 지급함으로써 자산과"
fictitious_entry_high,FSS2409-01,HIGH,수익통계,L2-03+L3-02+L3-03+L3-11+L4-01+L4-03,False,"""회사는 홍콩에 소재한 기존 주력 거래처(B사)와 공모하여 B사로부터 소개받은 업체(C사)에 P제품을 수출하고, B사로부터 다른 용도의 새로운 원재료(P-1, P-2)를 매입한 것처럼 외관을 형성하고, 수출입대금이 원활하게 융통되는 것으로 위장하기 위해 B사에 원재료 수입대금을 先지급하"
fictitious_entry_high,FSS2409-02-가,HIGH,수익통계 / 결산시점,L1-05+L3-02+L3-04+L3-11+L4-01,False,"""종속회사의 영업부서는 회사로부터 '밀어내기 매출'을 지시받은 이후 협력업체와 담합하여 최종 소비자가 없음에도 연말에 집중적으로 허위의 발주서를 제출받아 세금계산서를 발행하는 등 '밀어내기 매출'을 실행하여 매출을 과대 계상(x1~x3년)하였다."""
fictitious_entry_high,FSS2409-07-가,HIGH,수익통계 / 결산시점,L1-05+L2-03+L3-02+L3-04+L4-03,False,"""회사는 재무제표상 목표 당기순이익 달성을 위해 기말 재고자산명세를 증액 조작하고, 재고자산의 손상을 인식하지 않는 등의 방법으로 재고자산을 허위로 과대계상하였다."""
fictitious_entry_high,FSS2505-01,HIGH,수익통계,L3-02+L3-11+L4-01+L4-03,False,"""회사는 1)허위 세금계산서를 발행하거나, 2)수출신고서에 수출품의 단가와 수량을 실제보다 과도하게 조작하고, 3)수익인식조건(ex 검수조건부, FOB 등)이 충족되지 아니하였음에도 매출을 조기에 인식하는 방법으로 매출을 과대계상하였다. 경영진을 비롯한 영업팀, 회계팀이 매출 조작방식을"
fictitious_entry_high,FSS2505-02,HIGH,수익통계,L3-02+L3-11+L4-01+L4-03,False,"""사업부문은 허위로 매출 관련 증빙을 작성하고 경영지원팀은 이러한 증빙이 가공의 서류라는 점을 인지하면서도 세금계산서를 발행하는 방식으로 허위 매출을 인식하였다. 또한 외부감사인 재고실사시 조직적으로 허위 데모장비 매출 관련 재고자산을 은폐하였다."""
fictitious_entry_high,FSS2512-01,HIGH,수익통계,L3-02+L3-03+L3-04+L4-03+L4-04,False,"""회사는 상품의 인도 없이 자금의 유출입만 발생하여 거래의 실질이 자금대여거래에 해당함에도, 거래당사자 간 세금계산서 발행으로 외관을 형성하고 허위매출 및 매출원가를 인식하였다. 또한, 기말시점에 가공의 재고자산 계상 사실을 은폐하고자 외부감사인의 재고실사 일정에 맞추어 매입처로부터 임"
fictitious_entry_high,FSS2512-06,HIGH,결산시점,L3-02+L3-04+L4-01+L4-04,False,"""이미 판매완료된 제품의 생산과정에 투입된 원부자재를 매출원가로 인식하는 대신 가공의 재고자산으로 허위 계상하는 방식으로 당기순이익 및 자기자본을 과대(과소)계상하였다. 또한 … 원재료 보관처(하청 제조업체)에 허위의 회신을 요구하는 등 외부감사를 방해하였다."""
embezzlement_concealment_high,2018-2019-17,HIGH,중복자금유출,L1-06+L2-03+L3-09+L4-03,False,"F사 최대주주이자 대표이사인 A는 F사의 구매팀을 없애는 대신, 차명으로 G사를 설립하여 G사가 F사 제품 생산에 필요한 원재료 일체를 구매하여 제공하도록 하였다. F사는 G사에게 원재료 구입전 구매금액의 30%를 미리 지급하도록 계약을 체결하였고, 이러한 계약을 기초로 F사는 원재료 "
embezzlement_concealment_high,2018-2019-18,HIGH,수익통계,L2-02+L3-02+L3-11+L4-01+L4-03,False,"S사는 X4년 연결 및 별도재무제표에서 제조되지 않거나 출고되지 않은 상품을 매출로 계상하는 등의 방법으로 매출 및 매출원가를 허위계상하고, 거래처에 자금을 대여한 후 이를 통해 매출 대금이 회수된 것으로 가장하여 대손상각비 계상을 회피함"
embezzlement_concealment_high,2010-가-A,HIGH,수익통계,L2-03+L3-02+L4-01+L4-03,False,"前대표이사가 회사자금을 유출한 사실을 은폐하기 위하여 상품을 허위 매입하여 물류창고에 보관하고 있는 것처럼 조작하여 상품 재고자산 허위 계상, 허위 매입한 상품에 대하여 세금계산서를 발행·매출처리하여 매출채권 허위계상"
embezzlement_concealment_high,2010-나-B,HIGH,중복자금유출,L2-02+L3-02+L4-03,False,경영진의 횡령·실적 왜곡 등으로 발생한 순자산 부족액을 은폐하기 위해 매출채권 등의 자산을 허위로 계상하거나 매입채무 등의 부채를 과소계상
embezzlement_concealment_high,2010-다-C,HIGH,중복자금유출,L1-06+L1-07+L2-02+L2-05,False,"회계팀 자금담당 차장 OOO가 해외자회사에 대한 매출채권을 회사의 승인없이 임의로 거래은행에서 할인하여 개인적인 용도로 유용한 뒤, 횡령한 매출채권의 만기에는 다른 매출채권을 할인하여 횡령한 매출채권이 정상적으로 추심된 것처럼 가장하는 방법으로 총 횡령"
embezzlement_concealment_high,2010-아-G,HIGH,수익통계,L2-03+L3-02+L4-01+L4-03,False,"도급순위를 제고하기 위하여 도급계약서 등을 허위로 작성하는 방법으로 가공매출 및 가공매출원가를 계상하고, 이로 인해 발생한 순자산부족액을 은폐하기 위하여 가공자산 등을 계상하여 자기자본을 과대계상"
embezzlement_concealment_high,2010-라-K,HIGH,중복자금유출,L2-02+L3-02+L4-03,False,전 대표이사의 횡령사실 은폐를 위해 주식을 취득한 것으로 허위계상
embezzlement_concealment_high,2010-다-P,HIGH,중복자금유출,L1-07+L2-02+L3-09+L4-03,False,"회사는 대여사실을 은폐하기 위해 허위로 회계처리함으로써 계약서 등 지급근거가 없고 충분한 담보도 확보되지 않은 동 대여금에 대해 대손충당금을 과소계상, 회사의 임원 등에게 급여외 보수를 지급하면서 자문료 명목으로 선급금으로 허위 계상"
embezzlement_concealment_high,2010-마-R,HIGH,중복자금유출,L2-01+L2-02+L3-02+L4-03,False,전 실질사주의 횡령으로 발생한 순자산 부족액을 은폐하기 위하여 가공의 계약서 등을 작성하고 자산부족액을 선급금·대여금 등의 여러 계정으로 나누어 회계처리
embezzlement_concealment_high,2010-바-S,HIGH,중복자금유출,L2-02+L2-05+L3-02+L4-03,False,"기 횡령된 자금을 은폐하기 위하여 허위계상된 단기대여금에 대해, 일시 차입한 사채 자금을 이용하여 대차대조표일 이후 동 단기대여금이 회수된 것처럼 처리, 이후 지분법투자주식 취득가액을 부풀리는 방법으로 허위계상"
embezzlement_concealment_high,2010-가-Aa,HIGH,중복자금유출,L1-06+L1-07+L2-02+L4-03,False,자금팀 직원이 금융기관 담당자와의 공모를 통해 약 160여 차례에 걸쳐 회사 계좌에서 본인의 계좌로 자금을 무단이체하는 방식으로 총 횡령
embezzlement_concealment_high,2010-나-Hh-1,HIGH,중복자금유출,L2-02+L2-05+L3-02+L4-03,False,"차기 대표이사가 상장폐지사유를 모면하기 위해 자회사 명의 차입금을 입금하면서 회사의 채무자로부터 직접 변제받은 것처럼 가장하여, 허위로 대손충당금을 환입하거나 대손충당금을 설정하지 아니함"
embezzlement_concealment_high,2010-나-Hh-2,HIGH,수익통계,L2-03+L3-02+L4-01+L4-03,False,회사는 상장폐지사유를 모면하기 위해 다른 회사간 상품거래에 개입하여 실물이동 없이 세금계산서 등을 수수하고 타인의 자금을 이용하여 자금거래가 있는 것처럼 가장하여 매출액 및 매출원가를 허위계상
embezzlement_concealment_high,2010-다-Ll,HIGH,중복자금유출,L1-07+L2-02+L3-02+L4-03,False,"회사 前실질경영자가 임의로 사채업자 등으로부터 자금을 차입하여 유용하였음에도, 동 부채 반영시 상장폐지요건에 해당됨에 따라 관련 회계처리를 누락하여 부채 과소계상, 허위의 경영권양수도계약을 체결하고 대표이사가 사채업자로부터 차입한 자금으로 법무법인과 에스크로 계약을 체결하였음에도 경영권"
embezzlement_concealment_high,A5-나-K,HIGH,중복자금유출,L1-06+L1-07+L2-02+L3-02+L4-03,False,"자금팀장 J가 자금거래 관련 증빙을 위·변조하거나 장부에 누락하는 방법으로 자금을 횡령함으로써, 제13기(X1년)부터 제17기(X5년)까지 매 회계연도말 현재 현금및현금등가물 등의 자산을 각각 과대계상. J가 횡령 관련 금융거래처에 대한 자금입출금, 거래승인, 잔액조회를 직접 담당하는 "
embezzlement_concealment_high,A5-다-T,HIGH,중복자금유출,L1-05+L2-02+L3-02+L4-03,False,"대표이사가 회사자금을 무단 인출하고 이를 상환하지 못하고, 동 대표이사의 차입금에 담보로 제공한 회사예금이 상계처리되어 회사의 자금이 부족하자, 이를 은폐할 목적으로 제3자 명의로 발행된 양도성예금증서를 매입한 것처럼 회계장부 및 취득증빙 등을 조작하여 단기금융상품 722억원을 허위로 "
embezzlement_concealment_high,A5-마-V,HIGH,중복자금유출,L1-05+L2-02+L3-02+L4-03,False,"대표이사의 회사자금 무단인출로 현금시재가 장부잔액보다 106억원 부족한 것을 은폐하기 위하여, 사채업자로부터 일시적으로 빌린 자기앞수표 4매를 이용하여 현금및현금등가물 106억원을 허위계상하고 특수관계자와의 거래내용을 주석으로 기재하지 아니함"
embezzlement_concealment_high,A5-사-E,HIGH,중복자금유출,L1-05+L2-02+L3-02+L4-03,False,"대표이사가 회사자금을 무단 인출하였으나 이를 은폐하기 위해, 종업원에게 대여한 것처럼 허위의 금전소비대차계약서를 작성하는 방법으로 단기대여금을 허위로 계상하고 주석에도 종업원에게 대여한 것으로 허위표시한 사실이 있음"
embezzlement_concealment_high,2012-바-A,HIGH,중복자금유출 / 승인통제,L1-04+L1-05+L1-07+L2-02,False,"회사가 추진 중이던 유상증자를 성사시키기 위해 회사자금을 인출하여 시세조종전문가에게 회사주식 시세조종자금으로 지급하였음에도, 신규사업 추진을 위한 정상적인 대여금인 것처럼 허위계상. 계약서 및 이사회결의 없이 폐업업체에게 수시로 자금을 송금한 후, 사후적으로 미상환 잔액에 대하여 대여계"
embezzlement_concealment_high,2012-바-다,HIGH,중복자금유출,L1-05+L2-02+L2-05+L3-01,False,"등기이사·최대주주 겸 업무집행지시자가 P사 등 5인의 명의를 이용하여 횡령한 금액을 단기대여금으로 허위계상한 후, 횡령사실을 은폐하기 위해 동 단기대여금을 타사 주식을 취득한 것처럼 계정대체하는 방법으로 지분법적용투자주식을 과대계상"
embezzlement_concealment_high,2012-사-A,HIGH,중복자금유출 / 결산시점,L1-05+L2-05+L3-04,False,"회사의 전 대표이사는 자신과 재무담당 부사장의 횡령으로 인한 불법행위미수금이 회수된 것처럼 회계처리하기 위하여, 결산일 이후에 대표이사가 소유하고 있는 자산가치가 없는 비상장법인의 주식을 회사에 무상양도한 후, 동 사실을 근거로 대손충당금을 환입처리"
embezzlement_concealment_high,2012-아-마,MEDIUM,중복자금유출,L1-07+L2-02+L2-03,True,리베이트 제공 목적의 부외자금을 조성하기 위해 회사가 제공받지 않은 용역에 대해 대금을 송금한 후 돌려받는 방법으로 매립시설 등 유형자산을 허위로 계상
embezzlement_concealment_high,2012-타-가,HIGH,중복자금유출 / 수익통계,L1-05+L2-02+L3-02+L4-01,False,"업무집행지시자(회장)의 배임·횡령, 가공매출 계상 등 불법행위의 결과로 회사에 존재하지 않는 예금 및 약정투자자산을 통장, 은행조회서 등을 위조하여 실재하는 것처럼 회계처리"
embezzlement_concealment_high,2011-가-다,HIGH,수익통계,L2-03+L3-02+L3-11+L4-01+L4-03,False,"관리종목 지정을 회피할 목적으로 실제 거래가 없음에도 허위의 세금계산서를 발급하여 매출로 인식하였고, 출고되지 않은 상품까지 매출로 인식하였으며, 자회사 등 타사의 매출을 회사의 매출로 계상하는 등 매출 및 매출원가를 과대 계상. 매출의 대부분(85.0%)이 당기 중 신규사업에서 발생한"
embezzlement_concealment_high,2011-나-나,HIGH,중복자금유출 / 승인통제,L1-05+L1-06+L2-02,False,회사의 재무담당임원이 회사자금 운용 수익을 영업용 비자금으로 사용하기 위하여 회사자금을 유가증권에 투자하여 운용하는 과정에서 자금운용을 의뢰받은 자가 동 자금을 횡령하여 선물투자 등으로 사용하여 소진되었음에도 이를 올바르게 회계처리하지 아니함
embezzlement_concealment_high,2011-나-바,HIGH,중복자금유출,L1-05+L2-02+L4-03,False,사실상 가치가 없는 해외소재 FF사 주식에 대하여 전 대표이사가 취득대가를 지급하지 않았음에도 이를 취득한 것처럼 처리하여 지분법적용 투자주식을 허위계상
embezzlement_concealment_high,2011-나-사,HIGH,중복자금유출,L1-05+L2-02+L3-04+L4-03,False,전 대표이사가 대차대조표일 이후에 거액의 횡령금을 회사에 반환한 즉시 동 자금으로 완전자본잠식상태인 GG사 주식을 동사의 주주간 최근 매매가액에 비해 22.5배에 달하는 고가에 취득하였다는 점 등에서 회사 주장의 신뢰성을 충분히 의심할 수 있는 상황
embezzlement_concealment_high,2011-다-다,HIGH,중복자금유출,L1-05+L2-02+L2-05+L3-01,False,"회장(등기이사) 겸 최대주주인 업무집행지시자가 CC사 등 5인의 명의를 이용하여 자금을 횡령하고 이를 은폐하기 위하여 단기대여금으로 허위계상하였고, 그 중 일부 단기대여금은 주식으로 계정 대체하는 방법으로 처리하여 결과적으로 지분법적용투자주식을 과대계상"
embezzlement_concealment_high,2011-라-라,HIGH,중복자금유출,L1-05+L2-02+L4-03,False,前 최대주주의 회사자금 무단유출 사실을 은폐하기 위해 특허권의 실제 취득가액보다 약 100배 가량 높이는 방법으로 거래 상대방과 허위로 매매계약을 체결하여 특허권을 과대계상
embezzlement_concealment_high,2011-라-마,HIGH,중복자금유출 / 결산시점,L1-05+L2-02+L3-04+L4-03,False,기중 유상증자 직후 선급금 지급 등의 명목으로 유출한 자금을 기말에 회수한 것처럼 회계처리하기 위해 업무집행지시자가 사채업자로부터 차입한 자금을 현금및현금성자산으로 허위계상(동 자금은 감사보고서 제출 익일에 인출되어 동 차입금 상환에 사용)
embezzlement_concealment_high,2015-다,MEDIUM,수익통계,L2-03+L3-02+L4-03,True,회사는 자본잠식으로 인해 관리종목으로 지정되는 것을 회피하기 위해 부실채권을 우량 거래처의 개별 매출채권 및 선급금 잔액에 안분하는 방식으로 매출채권 등을 허위계상하여 당기순이익 및 자기자본을 과대계상함. 감사인이 발송한 조회서 상의 허위잔액에 대해 '이상없음'을 적시하여 회신하도록 거
embezzlement_concealment_high,2015-라,MEDIUM,계정분류,L2-03+L3-02+L4-03,True,"타처보관 재고자산 등 수량 조작, 부실채권을 가공의 재고자산으로 대체계상, 재고자산 단가를 임의적용하거나 원재료 매입단가를 부풀리는 방법으로 재고자산을 과대계상함"
embezzlement_concealment_high,2015-아,HIGH,중복자금유출,L1-05+L2-02+L3-02+L4-03,False,"자회사를 설립하여 6백만불을 송금하고, 송금후 1~2일내 전액 불법인출하여 자회사가 보유한 자산이 없는 등 지분법적용투자주식의 가치가 없음에도 불구하고, 자회사가 송금받은 거액의 예금자산을 보유하고 있는 것처럼 은행 조회서를 위조하는 등의 방법으로 자회사에 대한 지분법 적용투자주식을 허"
embezzlement_concealment_high,A-2유형-가,HIGH,중복자금유출 / 수익통계,L1-05+L2-02+L3-02+L4-01+L4-03,False,"회사는 제37기에 대표이사가 사채업자로부터 자금을 차입하여 경영권 취득후 회사자금을 무단 인출하고 이를 은폐하기 위하여 단기대여금을 과대계상하는 한편, 상품매입으로 처리한 후 가공의 매출을 계상함으로써 매출채권 과대계상"
embezzlement_concealment_high,A-2유형-바,HIGH,중복자금유출,L1-05+L2-02+L3-01+L4-03,False,"경영진의 영업활동과 관계없는 어음·수표 발행 등으로 인한 자금유출액 10,486백만원에 대하여 회수가능성이 없음에도, 현금및현금등가물과 선급금으로 가공계상하고, 일부는 매입채무와 상계처리함으로써 당기순이익 및 자기자본을 과대계상"
embezzlement_concealment_high,A-2유형-자,HIGH,중복자금유출,L1-05+L2-02+L3-02+L4-03,False,회사 자금의 부당인출을 은폐할 목적으로 ⃝⃝사와 허위의 영업권 이전 계약서를 작성하고 가공의 선급금을 계상. 회사 자금의 부당인출을 은폐할 목적으로 주식 취득 대금을 지급한 것처럼 회계처리하여 지분법적용투자주식을 과대계상함
embezzlement_concealment_high,2016-가(지분직원횡령),HIGH,중복자금유출,L1-06+L2-02+L3-03,False,회사 직원이 회사 소유 계열사 주식을 무단 매도하여 소유 주식수가 감소하였음에도 이를 재무제표에 반영하지 않음으로써 지분법적용투자주식을 과대계상함
embezzlement_concealment_high,2013-나(지분법허위),HIGH,중복자금유출,L1-05+L2-03+L3-02+L4-03,False,"아무런 공장시설 및 실체가 없는 페이퍼컴퍼니를 이용하여 사채업자를 통해 융통된 자금으로 사모증자 형식으로 가장납입하고 그 증자대금으로 페이퍼컴퍼니의 지분 100%를 취득한 것처럼 가장하였으나 자금추적 결과 사채업자 차입금을 상환하였고 페이퍼컴퍼니는 매출, 본사 및 공장이 존재하지 않는 "
embezzlement_concealment_high,2013-나(선급금횡령),HIGH,중복자금유출,L1-05+L2-02+L2-03+L3-02+L4-03,False,"전 등기이사 겸 실질사주 등의 횡령사실을 은폐하기 위해 거래업체와 허위의 계약서, 세금계산서 등을 작성하여 매출채권, 선급금 및 대여금 등으로 인식하고, 사채업자에게 자금을 빌려 일시적으로 은행에 입금하는 등 자산을 허위계상"
embezzlement_concealment_high,2018-다(매도가능증권허위),HIGH,중복자금유출,L2-03+L3-02+L3-04+L4-03,False,동 매도가능증권에 대한 손상 인식을 막기 위해 회사 자금을 허위로 지급하고 자금이 정상 회수된 것으로 가장함
embezzlement_concealment_high,2018-가(직원횡령),HIGH,중복자금유출,L1-06+L2-02+L3-02+L4-03,False,자금 및 회계를 담당하던 직원이 본인의 주식투자 손실을 만회하기 위하여 회사 자금을 횡령한 후 현금 등 자산을 가공으로 계상하거나 매입채무 등 부채를 누락시켰음에도 이를 인지하지 못해 당기순이익 및 자기자본을 과대계상함
embezzlement_concealment_high,2018-바(선급금횡령),HIGH,중복자금유출,L1-05+L2-02+L3-02+L4-03,False,"전대표이사는 허위 거래나 가격을 부풀린 거래 등을 통해 회사 자금을 횡령하였고, 이 과정에서 회사 재무제표에 선급금 및 유형자산 등이 과대계상된 사실이 있음"
embezzlement_concealment_high,A-1유형-다,HIGH,수익통계 / 중복자금유출,L1-05+L2-03+L3-02+L4-01+L4-03,False,"K사는 대표이사가 허위의 매입세금계산서를 교부받아 매출원가를 허위 계상하고, 허위의 매출세금계산서를 교부하여 매출 및 외상매출금을 허위 계상하며, 실제 대여 사실이 없음에도 단기대여금을 허위 계상하는 등 자금을 임의로 사용하였음"
embezzlement_concealment_high,A-1유형-마,HIGH,수익통계,L2-03+L3-02+L4-01+L4-03,False,K사는 G사 등 104개 거래처와 허위의 세금계산서를 수수하는 방법으로 매출액 및 매출채권을 43억원 과대계상함
embezzlement_concealment_high,A-3유형-가,HIGH,중복자금유출,L2-02+L3-02+L4-03,False,B사는 대표이사의 차입금 담보로 제공된 예금이 상계처리되자 이를 은폐할 목적으로 국민주택채권 354억원을 매입한 것처럼 하여 매도가능증권을 동액만큼 허위로 계상
embezzlement_concealment_high,유형자산허위-1,HIGH,중복자금유출,L1-05+L2-02+L3-02+L4-03,False,회사의 대표이사이자 최대주주 B는 차명 주주 및 대표이사를 내세운 C사에 공사비를 과도하게 지급하고 가공공사가 실제 실행된 것처럼 허위증빙들을 작성하여 유형자산 및 감가상각비를 과대계상하였다
embezzlement_concealment_high,FSS2008-05-1,HIGH,중복자금유출,L1-05+L1-07+L2-02+L3-02,False,A사는 B2B전자결제 중개업 인수 후 경영진이 내부 결재절차 없이 페이퍼컴퍼니에 대한 대여를 가장하여 회사자금을 무단인출하고 사후적으로 계약서 및 담보서류 등 증빙자료를 허위작성하는 방식으로 자금을 유용하였음에도 대여금으로 허위계상하였다
embezzlement_concealment_high,대여금허위-1,HIGH,중복자금유출,L1-05+L2-02+L3-09+L4-03,False,"C사는 장기 연체된 D사 매출채권 회수를 위해 완전자본잠식 상태인 E사의 매도가능증권을 100억원으로 계상하고 D사 매출채권이 모두 회수된 것으로 처리하였으며, 대표이사는 선급금 명목으로 자금을 인출하여 E사에 송금 후 다시 회수하는 방식으로 매도가능증권이 정상 상환된 것으로 위장하였다"
embezzlement_concealment_high,매출채권허위-1,HIGH,중복자금유출,L1-06+L2-02+L3-02+L4-03,False,"회사는 부실거래처(前 재무담당임원이 설립)에 대한 자금유출액 및 임직원 횡령으로 추정되는 금액을 매출채권으로 허위계상하고, 회수가능성이 없는 동 금액을 임의로 정상거래처에 대한 매출채권으로 가장하는 등 회계장부를 조작하였으며, 실제 거래처 담당자와 무관한 제3자로 하여금 감사인에게 채권"
embezzlement_concealment_high,FSS2112-06-1,HIGH,중복자금유출 / 승인통제,L1-05+L1-06+L2-02+L4-03,False,"회사는 부회장 겸 공시담당이사 B가 회사의 자기주식 100만주(장부가액 102억원)를 담보로 제공한 뒤, 실물 출고한 다음 C 등의 차명계좌에 입고시켜 장내 처분하고 동 처분대금을 회사에 입금하지 않았다. 회사는 이같은 사실을 인지하지 못하여 자기주식의 인출과 매도와 관련하여 아무런 회"
embezzlement_concealment_high,FSS2112-09-1,HIGH,중복자금유출 / 승인통제,L1-04+L2-02+L3-02+L4-03,False,"의료기기 도매업을 영위하는 A사의 신규 경영진은 주식 및 경영권을 양수하는 과정에서 횡령 및 배임이 발생하였고, C사 주식에 대한 주식양수도계약을 허위로 체결하고 계약금 및 중도금 명목으로 57억원을 D의 계좌에 송금(선급금으로 회계처리)한 뒤, 이를 인출하여 사채업자에 상환하였다. 선"
embezzlement_concealment_high,선급금허위-1,HIGH,중복자금유출 / 승인통제,L1-05+L2-02+L3-02+L4-03,False,현 경영진이 前 대표이사의 인출 자금에 대해 정당한 지출증빙 등이 없어 상환요구하고 상환확약서까지 징구한 사실은 회사가 前 대표이사의 횡령·배임 혐의를 인지하였다는 것을 의미함에도 회사는 前 대표이사가 인출한 자금을 선급금을 과대계상하였다.
embezzlement_concealment_high,감리2013-1-가,HIGH(NEW조합),중복자금유출,L2-05+L3-02+L4-03,False,"A사는 누적된 손실을 은폐하고자 현금 및 대여금으로 가공계상 해오던 자산이 X7년 반기말에 회수되어 금융기관에 예치된 것처럼 꾸미기 위해 H은행으로부터 9,800백만원을 차입한 후, 이를 동 은행에 재예치하면서 '단기금융상품'으로 계상하고 동 '차입금'은 계상하지 아니하여, 차입금을 9"
embezzlement_concealment_high,감리2013-1-나,HIGH,수익통계 / 중복자금유출,L2-03+L2-05+L3-02+L4-01+L4-03,False,"B사는 매 사업연도말에 차입금 연장 등 자금조달을 위해 영업이익이 이자비용을 누락하거나 가공의 매출 및 매출채권을 계상하는 등의 방법으로 매년 이익을 조작하였고, 기업어음(CP) 발행으로 인한 단기차입금 등의 부채와 가공의 매출채권이나 관계회사에 대한 대여금 등의 자산을 매년 상계처리하"
embezzlement_concealment_high,FSS2008-27-1,MEDIUM,중복자금유출 / 승인통제,L1-07+L2-02+L3-02,True,"A사는 'x5.12.31. 고객전문모집인 B와 고객알선계약 체결하고 현금 5억원을 지급하였으나 지급수수료 회계처리를 누락하였고, 일시적인 차입으로 현금 등의 외부유출을 숨겼으며, 동 차입금의 차입·상환시에도 일체의 회계처리를 누락하였다."
embezzlement_concealment_high,FSS2008-25-1,HIGH,중복자금유출 / 결산시점,L1-06+L2-02+L3-04+L3-09,False,K저축은행은 회사직원과 차주가 공모하여 이자대납을 위해 대출받는 등 실질적인 연체여신에 대해 관련 규정을 준수하지 않고 대손충당금을 적립하였다. 연체 사실을 숨기기 위해 회사직원과 공모하여 추가대출을 받았는데 해당 여신은 물론이고 해당 여신의 이자를 대납하기 위한 대출도 연체와 동일한 
embezzlement_concealment_high,A-6유형-가,HIGH(NEW조합),중복자금유출,L2-05+L3-02+L4-03,False,"A사는 누적된 손실을 은폐하고자 현금 및 대여금으로 가공계상 해오던 자산이 X7년 반기말에 회수된 것처럼 꾸미기 위해 H은행으로부터 9,800백만원을 차입한 후, 이를 동 은행에 재예치하면서 '단기금융상품'으로 계상하고 동 '차입금'은 계상하지 아니하여, 차입금을 과소계상하고 자기자본을"
embezzlement_concealment_high,A-6유형-나,HIGH,수익통계 / 중복자금유출,L2-03+L2-05+L3-02+L4-01+L4-03,False,"B사는 매 사업연도말에 차입금 연장 등 자금조달을 위해 가공의 매출 및 매출채권을 계상하는 등의 방법으로 매년 이익을 조작하였고, 기업어음(CP) 발행으로 인한 단기차입금 등의 부채와 가공의 매출채권이나 관계회사에 대한 대여금 등의 자산을 매년 상계처리하여 부채비율이 양호한 것처럼 처리"
embezzlement_concealment_high,A-7유형-나,HIGH,수익통계 / 중복자금유출,L2-03+L2-05+L3-02+L4-01+L4-03,False,"B사는 매 사업연도말에 차입금 연장 등 자금조달을 위해 영업이익이 이자비용을 누락하거나 가공의 매출 및 매출채권을 계상하는 등의 방법으로 매년 이익을 조작하였고, 기업어음(CP) 발행으로 인한 단기차입금 등의 부채와 가공의 매출채권이나 관계회사에 대한 대여금 등의 자산을 매년 상계처리하"
embezzlement_concealment_high,FSS2008-20-1,HIGH,중복자금유출 / 승인통제,L1-05+L2-02+L3-02+L4-03,False,"실질사주였던 A씨는 완전자본잠식에 의한 상장폐지가 우려되자 60억원은 A씨가 사채업자로부터 조달한 금액으로, 주금을 납입한 즉시 인출하여 사채업자에게 변제하였다. 또한 회사는 D사와 허위 부동산 매매계약을 체결하였으며, 유형자산 및 미수금을 허위계상하였다."
embezzlement_concealment_high,FSS1912-17-1,HIGH,중복자금유출 / 승인통제,L1-05+L1-06+L2-02+L3-03+L4-03,False,"F사 최대주주이자 대표이사인 A는 F사의 구매팀을 없애는 대신, 차명으로 G사를 설립하여 G사가 F사 제품 생산에 필요한 원재료 일체를 구매하여 제공하도록 하였다. 이러한 계약을 기초로 F사는 원재료 등 구입명목으로 G사에 회사 자금을 지급한 후 선급금으로 계상하였고 대표이사 A는 이를"
embezzlement_concealment_high,FSS2112-15-01,HIGH,중복자금유출 / 승인통제,L1-05+L2-03+L3-10,False,"""경영진이 최대주주이자 업무집행지시자 C의 지시에 따라 단기대여금 명목으로 회사의 자금을 인출한 바, 회사가 임직원 등의 부당 자금인출 등을 은폐하기 위하여 단기대여금 50억원을 허위계상하였다고 지적하였다"""
embezzlement_concealment_high,FSS2112-18-01,HIGH,중복자금유출 / 승인통제,L1-05+L2-03+L3-03,False,"""회사 대표이사는 동 대금을 회사가 아닌 회사의 모회사인 C사에 입금하도록 하고 선수금 등 관련한 회계처리를 누락하였다…선수금을 회사 모회사인 C사가 수취하는 것처럼 외관상 꾸미는 방식으로 지급액 270억원에 대하여 회계처리하지 아니함으로써 선수금을 과소계상하였다"""
embezzlement_concealment_high,FSS2311-17-01,HIGH,중복자금유출 / 승인통제,L1-05+L1-07+L2-02+L3-02,False,"""대표이사 甲은 가족 및 지인을 회사의 직원으로 가장하여 급여를 지급하고 타인명의 계좌로 반환받는 방법으로 회사자금을 횡령하였고, 임직원 단기대여금 명목으로 회사자금을 임직원들에게 이체한 뒤 동 금액을 횡령하였다."""
embezzlement_concealment_high,FSS2405-02-01,HIGH,수익통계,L2-03+L3-02+L4-01+L4-03,False,"회사는 이면약정에 따라 실물재고의 이동이 없이 허위의 세금계산서를 발행하여 서류상으로만 매입 및 매출을 처리하는 등 재화의 소유에 따른 유의적인 위험과 보상이 이전되지 않았음에도 매출 등을 허위로 인식하였다. 또한, 회사는 동 허위매출 등을 발생시킨 이면약정을 은폐하여 외부감사인의 정상"
embezzlement_concealment_high,FSS2405-04-01,HIGH,수익통계,L2-03+L3-02+L4-01+L4-03,False,"회사는 영업실적을 부풀리기 위해 중고폰 유통업을 실제로 영위하지 않았음에도 가공세금계산서 발급 등의 불법 행위를 통해 허위의 매출 및 매출원가를 계상하였다. 감사인에게 제시할 금융거래내역을 만들어내기 위해 실질사주로부터 일정 자금을 빌려 매출처에서 회사, 회사에서 매입처 등으로 순차적으"
embezzlement_concealment_high,FSS2405-10,HIGH,중복자금유출,L2-02+L2-03+L3-02+L3-03+L3-09+L4-03,False,"""회사는 경영진의 횡령을 은폐하기 위해 거래처와 실물재고의 이동이 없는 허위계약을 체결하거나 허위의 건설계약을 체결하여 가공의 자산 및 비용을 인식하였다. 또한, 경영진이 차명으로 설립한 B사와 허위의 물량보증계약을 체결하고 이를 이행한 것처럼 허위로 외주가공비 등을 지급함으로써 자산과"
embezzlement_concealment_high,FSS2409-01,HIGH,수익통계,L2-03+L3-02+L3-03+L3-11+L4-01+L4-03,False,"""회사는 홍콩에 소재한 기존 주력 거래처(B사)와 공모하여 B사로부터 소개받은 업체(C사)에 P제품을 수출하고, B사로부터 다른 용도의 새로운 원재료(P-1, P-2)를 매입한 것처럼 외관을 형성하고, 수출입대금이 원활하게 융통되는 것으로 위장하기 위해 B사에 원재료 수입대금을 先지급하"
embezzlement_concealment_high,FSS2409-07-가,HIGH,수익통계 / 결산시점,L1-05+L2-03+L3-02+L3-04+L4-03,False,"""회사는 재무제표상 목표 당기순이익 달성을 위해 기말 재고자산명세를 증액 조작하고, 재고자산의 손상을 인식하지 않는 등의 방법으로 재고자산을 허위로 과대계상하였다."""
embezzlement_concealment_high,FSS2409-10,HIGH,중복자금유출 / 승인통제,L1-05+L1-06+L1-07+L2-02+L3-02,False,"""직원 갑은 법인 계좌의 입·출금 내역과 회계장부상 입·출금 기록을 대사하는 절차가 형식적으로 이루어지고, 상급자 승인 없이 본인이 직접 회계장부에 전표를 작성하고 입력할 수 있다는 점에 착안하여 거액의 자금 횡령을 계획하였다. 직원 갑은 대표이사의 결재 없이 은행으로부터 회사 명의의 "
suspense_concealment_high,2018-2019-16,HIGH,중복자금유출,L2-03+L3-09+L4-03,False,"C사는 E사(외국소재, Paper Company)의 매도가능증권을 이용하여 C사의 매출채권이 정상적으로 상환된 것처럼 회계처리하기로 계획하였다. 대표이사는 20X4.2월 선급금 등의 명목으로 회사자금을 인출한 후, 동 자금을 E사에 송금하고 이를 다시 회사에 입금토록 하여 매도가능증권이"
suspense_concealment_high,2018-2019-17,HIGH,중복자금유출,L1-06+L2-03+L3-09+L4-03,False,"F사 최대주주이자 대표이사인 A는 F사의 구매팀을 없애는 대신, 차명으로 G사를 설립하여 G사가 F사 제품 생산에 필요한 원재료 일체를 구매하여 제공하도록 하였다. F사는 G사에게 원재료 구입전 구매금액의 30%를 미리 지급하도록 계약을 체결하였고, 이러한 계약을 기초로 F사는 원재료 "
suspense_concealment_high,2010-다-P,HIGH,중복자금유출,L1-07+L2-02+L3-09+L4-03,False,"회사는 대여사실을 은폐하기 위해 허위로 회계처리함으로써 계약서 등 지급근거가 없고 충분한 담보도 확보되지 않은 동 대여금에 대해 대손충당금을 과소계상, 회사의 임원 등에게 급여외 보수를 지급하면서 자문료 명목으로 선급금으로 허위 계상"
suspense_concealment_high,A5-가-P,HIGH,중복자금유출,L2-02+L2-05+L3-09+L4-03,False,"P사는 회수가 어렵다고 판단되는 부실채권(장기선급금 등)에 대한 손실계상을 회피하기 위해 대부업체로부터 자금을 차입하면서 동 부실채권이 회수된 것으로 위장처리하고, 동 부실채권을 회수하고 새로운 장기선급금 등을 지급한 것으로 위장처리하는 방법으로 장기선급금 등을 가공계상하고 단기차입금 "
suspense_concealment_high,대여금허위-1,HIGH,중복자금유출,L1-05+L2-02+L3-09+L4-03,False,"C사는 장기 연체된 D사 매출채권 회수를 위해 완전자본잠식 상태인 E사의 매도가능증권을 100억원으로 계상하고 D사 매출채권이 모두 회수된 것으로 처리하였으며, 대표이사는 선급금 명목으로 자금을 인출하여 E사에 송금 후 다시 회수하는 방식으로 매도가능증권이 정상 상환된 것으로 위장하였다"
suspense_concealment_high,FSS2405-10,HIGH,중복자금유출,L2-02+L2-03+L3-02+L3-03+L3-09+L4-03,False,"""회사는 경영진의 횡령을 은폐하기 위해 거래처와 실물재고의 이동이 없는 허위계약을 체결하거나 허위의 건설계약을 체결하여 가공의 자산 및 비용을 인식하였다. 또한, 경영진이 차명으로 설립한 B사와 허위의 물량보증계약을 체결하고 이를 이행한 것처럼 허위로 외주가공비 등을 지급함으로써 자산과"
period_end_adjustment_high,2018-2019-18,HIGH,수익통계,L2-02+L3-02+L3-11+L4-01+L4-03,False,"S사는 X4년 연결 및 별도재무제표에서 제조되지 않거나 출고되지 않은 상품을 매출로 계상하는 등의 방법으로 매출 및 매출원가를 허위계상하고, 거래처에 자금을 대여한 후 이를 통해 매출 대금이 회수된 것으로 가장하여 대손상각비 계상을 회피함"
period_end_adjustment_high,2012-라,HIGH,수익통계 / 결산시점,L3-02+L3-04+L3-11+L4-01+L4-03,False,"거래의 실질상 회사가 거래 당사자로 포함될 이유가 없었음에도 불구하고, 회사와 타사의 100% 자회사가 동 거래의 당사자인 것처럼 거래계약서 및 세금계산서를 작성하여 우회매출을 발생시킴으로써 매출 및 매출원가를 과대계상함. '09.12월에 매출이 대규모(848백만원, '09년 전체 매출"
period_end_adjustment_high,2012-마-나,LOW,결산시점,L3-04+L3-10,True,"광산 개발 피투자회사가 완전채산성이 없는 수준을 유지하고 있고 사업이 중단되어 있음에도, 타당성이 결여된 가정을 근거로 매도가능증권을 과대계상함"
period_end_adjustment_high,2012-마-다,LOW,결산시점,L3-04+L3-10,True,"피투자회사가 완전자본잠식 및 특수관계자에 대한 대여금 부실화 등으로 매도가능증권이 자산성이 없음에도, 연구개발 초기라는 이유 등으로 감액손실을 인식하지 않아 매도가능증권을 과대계상함"
period_end_adjustment_high,2012-사-다,LOW,결산시점,L3-04+L3-10,True,"담보가치가 없는 부동산을 제3자로부터 담보로 제공받아 채권 회수가 가능한 것처럼 회계처리함으로써, 매출채권 등에 대한 대손충당금을 과소계상"
period_end_adjustment_high,2012-아-나,LOW,결산시점,L3-04+L3-10,True,"피투자회사이면서 판매독점권을 부여한 회사가 주요 생산시설 건설을 중단하였을 뿐만 아니라 완전자본잠식 상태에 있었음에도, 피투자회사 주식 및 판매독점권 무형자산을 감액하지 않음"
period_end_adjustment_high,2012-자-나,HIGH,결산시점,L1-05+L3-02+L3-04+L4-03,False,대표이사가 결산일에 문방구 약속어음을 회사에 제출하여 '미수금' 및 '자산수증이익'으로 계상한 후 익년 2월말에 회사 계좌에 입금하여 미수금이 회수된 것처럼 처리하여 자산수증이익을 허위계상
period_end_adjustment_high,2011-가-다,HIGH,수익통계,L2-03+L3-02+L3-11+L4-01+L4-03,False,"관리종목 지정을 회피할 목적으로 실제 거래가 없음에도 허위의 세금계산서를 발급하여 매출로 인식하였고, 출고되지 않은 상품까지 매출로 인식하였으며, 자회사 등 타사의 매출을 회사의 매출로 계상하는 등 매출 및 매출원가를 과대 계상. 매출의 대부분(85.0%)이 당기 중 신규사업에서 발생한"
period_end_adjustment_high,2011-나-라,LOW,결산시점,L3-04+L3-10,True,회사는 완전자본잠식 상태인 DD사의 주식 33%를 매수한 후 DD사가 보유한 부동산 가치에 대해 비현실적인 가정을 근거로 한 감정평가 결과를 근거로 매도가능증권에 대한 감액손실을 미인식
period_end_adjustment_high,2011-나-사,HIGH,중복자금유출,L1-05+L2-02+L3-04+L4-03,False,전 대표이사가 대차대조표일 이후에 거액의 횡령금을 회사에 반환한 즉시 동 자금으로 완전자본잠식상태인 GG사 주식을 동사의 주주간 최근 매매가액에 비해 22.5배에 달하는 고가에 취득하였다는 점 등에서 회사 주장의 신뢰성을 충분히 의심할 수 있는 상황
period_end_adjustment_high,2011-다-A,LOW,결산시점,L3-04+L3-09+L3-10,True,"회사는 물류창고 확보 명목으로 AA사 소유의 부동산 매입계약을 체결한 후 매입대금을 지급하고 이를 선급금으로 계상하였으나, 동 부동산은 담보신탁 수익권 설정되어 있고 토지거래허가 구역이며 국가에 의한 수용이 예정되어 있는 등 회사가 경영목적으로 활용할 수 없음에도 선급금의 대손충당금을 "
period_end_adjustment_high,2011-다-마,LOW,결산시점,L3-04+L3-09+L3-10,True,"시공사인 회사가 아파트사업 시행사인 EE사에 대한 대여금과 관련하여, 원채무자인 EE사가 동 채무를 제외한 관련 사업권, 토지 및 은행 PF차입금 등을 새로운 시행사인 ○○사에게 이전시키고 폐업하여 대여금의 회수가 불가능해졌음에도 10%의 대손충당금만을 설정함"
period_end_adjustment_high,2011-라-다,MEDIUM,중복자금유출,L1-05+L3-04+L3-10,True,회사는 사해행위취소 소송에서 전 대표이사 소유 주식의 반환청구권에 대하여 회사의 가압류에 우선하는 질권이 설정되어 있어 회수가 불확실한 임원불법행위미수금에 대한 대손충당금을 과소설정
period_end_adjustment_high,2011-라-마,HIGH,중복자금유출 / 결산시점,L1-05+L2-02+L3-04+L4-03,False,기중 유상증자 직후 선급금 지급 등의 명목으로 유출한 자금을 기말에 회수한 것처럼 회계처리하기 위해 업무집행지시자가 사채업자로부터 차입한 자금을 현금및현금성자산으로 허위계상(동 자금은 감사보고서 제출 익일에 인출되어 동 차입금 상환에 사용)
period_end_adjustment_high,2015-카-가,MEDIUM,결산시점,L3-04+L3-10+L4-03,True,공사채권 회수가 불확실함에도 사업수지 분석에서 객관적인 근거 없이 분양수입을 과대평가하거나 경비를 누락하는 등의 방법으로 시행사의 채무상환능력을 양호하게 평가하여 대손충당금을 과소계상. 책임임차계약을 제공하였으나 관련된 예상손실을 충당부채로 미계상
period_end_adjustment_high,2015-가1,LOW,결산시점,L3-04+L3-09+L3-10,True,"저축은행 대출채권에 대하여 부실징후 여신, 타금융기관 연체정보 등록 여신, 기한이익 상실 여신, 폐업 차주 여신, PF대출의 사업성 평가 미흡 등을 '정상' 또는 '요주의' 등으로 자산건전성을 부당하게 분류하여 대손충당금을 과소계상"
period_end_adjustment_high,2015-나1,LOW,결산시점,L3-04+L3-10,True,콘도 및 골프회원권의 시세 하락이라는 손상 징후에도 불구하고 손상검토를 수행하지 않음으로써 당기순이익 및 자기자본을 과대계상
period_end_adjustment_high,2015-라1,LOW,결산시점,L3-04+L3-09+L3-10,True,"부동산 PF대출채권과 관련하여 사업중단, 이자연체 등 손상사건이 발생하거나 대금회수 지연 등의 사유가 발생한 경우 대손충당금 설정방법을 수정할 필요가 있었음에도 이에 대한 추가적인 검토 없이 최초의 추정회수기간 등을 기준으로 대손충당금을 산정함으로써, 당기순이익 및 자기자본을 과소계상"
period_end_adjustment_high,2009-라,HIGH,계정분류,L3-02+L3-04+L4-03,False,"S사는 X0년부터 X4년까지 원자재가 상승 및 제품가 하락 등으로 인하여 수익성이 악화되어 적자가 불가피해지자, 실제로 존재하지 아니하는 원재료 등(148억원)을 가공으로 계상"
period_end_adjustment_high,2009-마,HIGH,계정분류,L3-02+L3-04+L4-03,False,K사는 X4년도말 현재 회사에 존재하지 않는 제품을 타처보관증을 위조하여 대차대조표에 계상하였음. 타처보관 재고자산이 총 재고자산의 50.2%로 금액적으로 중요하고 기간 중 입출고 내역이 전혀 없는 등 특이사항이 발견되었음에도 타처에 재고 보관여부를 직접 조회확인하지 않고 회사가 제시한
period_end_adjustment_high,2009-사,MEDIUM,계정분류,L3-02+L3-04+L4-03,True,"Y사는 재고자산(제품)에 대한 결산 시 '(제품)수불내역서'상의 당기출고 및 기말재고 금액의 합계란을 허위로 기재한 후, 차기 이월시 개별 재고자산(제품) 품목에 단가를 임의로 배부하는 방법으로, 재고자산(제품)을 34억원 과대계상"
period_end_adjustment_high,A-2유형-사,MEDIUM,중복자금유출 / 결산시점,L3-02+L3-04+L3-09+L3-10,True,종속회사의 의도적인 회계분식을 통하여 회사가 보유한 종속회사 관련 자산(지분법적용투자주식·매출채권·단기대여금 등)을 과대평가하고 종속회사 차입금 관련 지급보증으로 발생한 충당부채를 설정하지 않는 방법으로 당기순이익을 과대계상
period_end_adjustment_high,A-2유형-아,HIGH,결산시점,L3-04+L3-10+L4-03,False,"제15기에 회사는 비상장인 OO사 주식인수대금 중 기지급한 금액을 투자선급금으로 계상하였으나, 과대평가 결과를 기초로 OO사 주식의 장부가액을 계상하여 투자선급금을 과대계상. 지분법적용대상인 OO사 총자산의 93.1%는 △△사 주식으로 구성된 바, △△사는 사실상 무상매각이 예정되어 회"
period_end_adjustment_high,FSS1912-8-가,LOW,결산시점,L3-04+L3-09+L3-10,True,"Y사는 X4년말, X5년말 재무제표에서 대여금 회수를 위해 양수한 소송채권 등이 소 제기 후 상당한 기간이 경과하여 회수가능성이 심히 의심스러운 상황이었음에도 이에 대한 회수가능성 검토를 소홀히 하여 전액 회수가능하다고 판단함으로써 대손충당금을 과소계상. 향후 2년치 지연손해금을 소송채"
period_end_adjustment_high,2014-나,MEDIUM,결산시점,L3-04+L4-03,True,"부동산 개발 사업이 자금조달 및 시공사 확보 등이 계획대로 진행되지 못하여 사업 추진 일정이 2년 이상 지연되어 있고, 명확한 근거도 없이 낙관적으로 작성한 사업계획서를 근거로 건설용지 등 재고자산의 순실현 가능가치를 과대평가 하였음"
period_end_adjustment_high,2014-다(투자주식),MEDIUM,계정분류,L3-04+L4-03,True,종속기업투자주식의 장부금액이 회수가능액을 초과함에도 손상차손을 인식하지 아니하여 종속기업투자주식을 과대계상 하였음
period_end_adjustment_high,2014-가(채권충당),MEDIUM,중복자금유출,L3-03+L3-04+L4-03,True,"회사는 특수관계자인 채무자가 잉여 영업현금흐름을 창출할 만한 영업을 영위하고 있지 않았고, 완전 자본잠식 상태였으며, 회사의 채권 상환 목적 자금을 다른 용도(이자비용 및 차입금 상환)로 사용하는 등 실질적으로 채무상환능력이 없었음을 알고 있었음에도, 대손충당금을 과소계상 하였음"
period_end_adjustment_high,2014-나(금융자문),HIGH,수익통계,L3-02+L3-11+L4-01+L4-03,False,회사가 SPC를 이용하여 실제 PF사업을 영위하면서 발생하지도 않은 PF사업이익을 금융자문수수료로 위장하고 선인식하여 이익잉여금을 과대계상 하였음
period_end_adjustment_high,2014-나(광업권),MEDIUM,계정분류,L3-02+L3-04+L4-03,True,광업권 평가근거로 제시한 허위 MOU를 제시하는 등의 방법으로 광업권의 가치가 있는 것으로 평가받아 무형자산을 과대계상 하였음
period_end_adjustment_high,2014-가(대출충당),HIGH,중복자금유출,L2-05+L3-04+L4-03,False,"이자가 연체상태이거나 대출채권 상환이 지연되고 있어 고정 이하로 분류하여야 함에도, 증액대출 등을 통하여 연체이자 등을 정리한 후 이를 정상 또는 요주의로 부당하게 분류하여 대손충당금을 과소계상"
period_end_adjustment_high,2016-라(공사수익조작),HIGH,수익통계,L3-02+L3-11+L4-01+L4-03,False,"진행기준에 따라 매출액을 인식하는 회사는 총공사예정원가를 임의로 축소·조작하고, 공사현장간 발생원가 부당대체 분개를 ERP 시스템에 입력하는 방법으로 프로젝트별 진행률을 조작하여 매출 및 매출채권을 과대계상함"
period_end_adjustment_high,2016-사(재고과대),HIGH,계정분류,L3-02+L3-04+L4-03+L4-04,False,"허위 결산조정전표를 입력하고 재고자산 수불부, 제조원가명세서 등을 조작하는 방식으로 실제 존재하고 있지 않는 가공의 재공품, 반제품, 파지 등을 재무제표에 계상하여 기말 재고자산 및 당기순이익을 과대계상하였음"
period_end_adjustment_high,2016-가(저축은행충당),HIGH,결산시점,L1-05+L3-04+L4-03,False,"회사의 대표이사는 결산시 정상적으로 자산건전성분류를 하여 대손충당금을 계상할 경우 BIS비율이 기준비율 미만으로 하락하여 적기시정조치 대상이 된다는 것을 인지하고 이를 회피하기 위해 고의로 정상, 요주의 등으로 상향조정하여 대손충당금을 과소계상"
period_end_adjustment_high,2013-가(공사수익),HIGH,수익통계,L3-02+L3-11+L4-01+L4-03,False,"손실이 발생하는 공사의 공사원가를 공사가 시작되지 않거나 진행 초기단계의 공사에 임의로 배분하고, 공사에 투입되지 않은 재고자산을 공사에 투입된 것처럼 회계처리하여 공사진행률을 과다하게 산정하였으며, 해외에서 진행되고 있던 공사의 기성고를 잘못 추정하고 총공사예정원가를 과소추정하여 매출"
period_end_adjustment_high,2013-다(매출허위),HIGH,수익통계,L3-02+L3-11+L4-01+L4-03,False,"투자유치 목적으로 영업실적을 부풀리기 위해 허위의 세금계산서를 발행하는 방법 등으로 매출을 과대계상하고, 연구매출에 필수적인 관계기관의 인·허가 또는 거래처의 동의가 이루어지지 않아 계약이행이 사실상 불가능하여 수익인식요건을 충족하지 못함에도 매출로 인식함"
period_end_adjustment_high,2013-가(저축은행충당),MEDIUM,결산시점,L3-04+L4-03,True,"폐업, 장기연체 등이 발생한 대출채권의 자산건전성 분류검토를 수행함에 있어 자산건전성 분류기준을 잘못 적용하고, 회수예상가액에 대한 원시증빙 확인 등의 감사절차를 소홀히 함"
period_end_adjustment_high,2017-라(매도가능조작),HIGH,결산시점,L3-02+L3-04+L4-03,False,손상차손 인식을 회피하기 위해 재무제표 주석으로 공시한 회계정책을 임의로 변경하고 회계정책 관련 내부 품의서류를 조작하는 등의 부정한 방법으로 손상차손을 인식하지 않아 당기순손실을 과소계상함
period_end_adjustment_high,2017-가(저축은행PF충당),MEDIUM,결산시점,L3-04+L4-03,True,"회사는 차주인 시행사가 자금부족으로 완전자본잠식상태 및 타금융기관 연체 등록 중이며, 시공사의 기업회생절차 진행 등으로 PF 사업이 중단되고 부실화된 상태임에도 대손충당금을 과소계상함"
period_end_adjustment_high,2018-가(종속투자주식A),MEDIUM,계정분류,L3-04+L4-03,True,회사는 별도재무제표 종속기업투자주식에 대한 회수가능액 추정시 비합리적인 가정을 통해 미래현금흐름을 과대추정하거나 손상징후가 있는 종속기업투자주식에 대한 손상검사를 수행하지 아니함으로써 종속기업투자주식을 과대계상함
period_end_adjustment_high,2018-나(종속투자주식B),MEDIUM,계정분류,L3-04+L4-03,True,"종속기업투자주식에 대한 외부평가법인의 평가결과 회수가능액이 장부금액에 미달하였음에도, 종속기업의 매출이 증가하고 영업외이익이 일시적으로 발생하였다는 이유로 결산시 손상차손을 인식하지 않아 종속기업투자주식을 과대계상함"
period_end_adjustment_high,2018-다(매도가능증권허위),HIGH,중복자금유출,L2-03+L3-02+L3-04+L4-03,False,동 매도가능증권에 대한 손상 인식을 막기 위해 회사 자금을 허위로 지급하고 자금이 정상 회수된 것으로 가장함
period_end_adjustment_high,2018-가(개발비A),MEDIUM,계정분류,L3-04+L4-03,True,회사는 개발활동이 사실상 중단된 프로젝트 관련 개발비에 대해 사용가치가 없음에도 비합리적인 가정을 통해 회수가능액을 과대추정하여 개발비를 과대계상함
period_end_adjustment_high,2018-나(개발비B),MEDIUM,계정분류,L3-04+L4-03,True,회사는 임상초기단계임에도 불구하고 신약개발 프로젝트가 무형자산 인식요건(기술적 실현가능성)을 충족한다고 판단하고 연구개발 관련 지출금액을 자산화하여 무형자산(개발비)을 과대계상함
period_end_adjustment_high,A-1유형-나,HIGH,수익통계,L3-04+L3-11+L4-01+L4-03,False,"S사는 제X3기 재무제표의 가결산 결과 영업손실이 예상되자 이 사실을 은폐할 목적으로 차기에 발생한 매출을 당기에 인식하여 매출채권을 과대 계상하였고, 제X4기에도 발생사실이 없는 매출을 허위로 계상하여 매출채권을 과대 계상하였음"
period_end_adjustment_high,A-1유형-라,HIGH,수익통계,L3-02+L3-11+L4-01+L4-03,False,"D사는 특정 건설현장의 예정원가를 임의로 낮추거나 전체 발생원가를 개별 공사현장에 임의로 많이 배분하는 방법으로 공사진척도를 높여 공사수익을 앞당겨 회계처리하고, 도급금액이 감액되었거나 해약된 현장임에도 정상적인 공사가 진행된 것처럼 허위의 공사수익을 계상하였음"
period_end_adjustment_high,A-1유형-바,HIGH,수익통계,L3-02+L3-11+L4-01+L4-03+L4-04,False,D사는 부실 현장 공사원가를 신규·저진행 현장 공사원가로 임의 대체하거나 공사원가를 건설중인 자산의 원가로 대체하거나 공사진행률을 허위로 높여 수익을 조기에 과다하게 인식하는 방법으로 공사수익을 과대계상하고 공사미수금을 과대계상 또는 공사선수금을 과소계상함
period_end_adjustment_high,A-1유형-사,HIGH,수익통계,L3-02+L3-11+L4-01+L4-03,False,"T사는 해외거래처에 대해 허위로 수출을 계상하여 가공의 매출채권이 발생하였고, 선하증권(B/L)을 운송알선업자로부터 미리 발급받는 방법으로 차기 수출을 당기 수출로 처리하여 매출액을 과대계상하고 단기차입금을 누락하였음"
period_end_adjustment_high,FSS1912DB-가(개발비),MEDIUM,계정분류,L3-04+L4-03,True,"P사는 개발활동이 사실상 중단된 a치료제에 대해 제조방식을 변경한 a'치료제와 동일한 프로젝트로 잘못 판단하여 재무상태표에서 개발비를 제거하지 않았을 뿐만 아니라 손상검사시 비합리적인 가정(실현불가능한 개발완료시점, 건강보험 등재 가정 300% 매출 증가)을 적용하여 회수가능액을 과대추"
period_end_adjustment_high,종속투자손상-가,MEDIUM,계정분류,L3-04+L4-03,True,"회사는 B사 주식에 대해 매년 적자가 발생하고 공정가치가 장부금액 대비 40~70% 수준으로 지속 낮았음에도 손상징후가 발생한 연도(11년, 14년~16년)에 손상검토를 수행하지 않았고, 손상검토 수행 시에도 임상1상 시작 전 제품이 100% 개발 성공하여 라이선스아웃 매출이 발생할 것"
period_end_adjustment_high,B-2유형-라,HIGH,수익통계,L3-02+L3-11+L4-03+L4-04,False,"D사는 특수관계자인 A건설과 허위의 세금계산서를 수수하여 X1년 결산시 상품매출과 상품매출원가를 각각 43,022백만원 과대계상함"
period_end_adjustment_high,B-2유형-마,HIGH,수익통계,L3-02+L3-04+L4-01+L4-03,False,"H사는 진행률 계산에서 프리랜서 제작비용 등을 작품별 귀속내역을 엑셀자료에서 조작하고, 제작되지 아니한 단편만화영화를 제작·수출한 것으로 회계처리하여 X1년 및 X2년 매출을 각각 과대계상하였음"
period_end_adjustment_high,B-2유형-자,HIGH,수익통계,L3-02+L3-04+L4-01+L4-04,False,T사는 코스닥상장규정에 따라 상장폐지가 예상되자 최대주주 등과 조직적으로 공모하여 가공의 세금계산서 등을 발행 및 수취하는 방법으로 매출 및 매출원가를 과대계상함
period_end_adjustment_high,FSS2008-08-1,HIGH,수익통계,L1-05+L3-02+L3-04+L4-03,False,"A사의 회계팀은 경영진이 원하는 수준의 매출·영업이익으로 맞추도록 지시받아 수주액, 공사예정원가, 발생원가의 프로젝트 번호 등을 조작하여 진행률을 과대 산정하고 매출 및 매출채권을 과대계상하였다"
period_end_adjustment_high,FSS2008-33-1,HIGH,수익통계,L3-02+L3-04+L4-01+L4-03,False,D사는 X1년부터 X8년까지 회사 전체의 목표 영업이익을 달성하기 위하여 총공사예정원가 등에 영향을 미치는 변수 등을 수정하는 방식으로 공사 진행률을 조작하였다
period_end_adjustment_high,FSS2008-06-1,HIGH,수익통계,L3-02+L3-04+L4-01+L4-03,False,"D사는 허위 예산자료를 만들고 총공사예정원가를 축소·조작하여 진행률을 과대산정하였으며, 진행률이 100%에 도달한 선박에서 추가 발생원가를 타 선박으로 대체하여 매출을 과대계상하였다"
period_end_adjustment_high,FSS2112-13-1,HIGH,중복자금유출,L2-05+L3-04+L4-03,False,A사는 상장폐지를 모면하기 위하여 사실상 계약해제되어 회수가 불가능한 선급금 100억원에 대해 손상차손을 인식하지 아니하여 선급금을 과대계상하였다
period_end_adjustment_high,FSS2008-07-1,HIGH,수익통계,L3-01+L3-02+L3-04+L4-01+L4-03,False,"S사는 X1년 결산 결과 영업손실이 발생하자 허위 예산자료를 만들어 총공사예정원가를 축소·조작하고 타 선박으로 발생원가를 임의대체하여 진행률을 과대산정하였으며, 선박 제조원가를 재고자산으로 부당대체하였다"
period_end_adjustment_high,FSS1912-1-1,HIGH,수익통계,L3-02+L3-03+L3-11+L4-01+L4-04,False,"A사는 '14년 재무제표에서 관리종목 지정 기준(5,000백만원) 회피를 위해 제조·가공 및 이동사실이 없는 중고제품을 인도한 것처럼 허위의 재고자산수불부 및 지출결의서를 작성하여 관계회사 B사에 대한 매출 및 매출원가를 과대계상하였다"
period_end_adjustment_high,FSS2112-07-1,HIGH(NEW조합),계정분류,L3-04+L4-03,False,"회사는 사모펀드 C사의 다른 참가자들에게 제공한 풋옵션을 파생상품으로 인식하고 평가하여야 함에도, 관련 회계처리를 누락하여 파생상품부채(2,324억원) 및 파생상품평가손실을 계상하지 아니하였으며 풋옵션 내용을 재무제표 주석에 기재하지 아니하였다."
period_end_adjustment_high,연결감리-가,HIGH,수익통계,L3-04+L4-03,False,"지배회사인 K사는 금융계열사가 자산담보부대출(ABL)의 형태로 자산유동화전문회사 등 제3자를 통하여 비금융계열사에 우회적인 자금지원을 하였음에도 동 내부거래를 상계제거하지 않아, 자산과 부채를 각각 300,000백만원씩 과대계상하고 관련 이자수익과 이자비용을 각각 25,000백만원씩 과"
period_end_adjustment_high,FSS1912-22-1,HIGH(NEW조합),수익통계,L3-03+L3-11+L4-03,False,A사는 100% 지분을 소유하고 있는 해외 종속회사와의 위탁판매계약을 해지하고 해외종속회사에서 과거부터 보관중이던 장기 미판매 위탁제품을 종속회사가 인수하도록 하여 기말일자로 일시에 15억원의 매출과 1억원의 매출원가로 인식하여 14억원의 당기이익을 계상하였다.
period_end_adjustment_high,파생금융부채-1,HIGH,승인통제 / 계정분류,L1-05+L1-07+L3-04+L4-03,False,"회사의 대표이사는 이사회의결을 거치지 않고 회사의 법인인감을 무단으로 사용하여 조건부 풋옵션 계약을 체결하고, 외부감사인에게도 동 계약을 밝히지 않았다. 회사가 C사에 부여한 조건부 풋옵션은 파생금융부채에 해당함에도 이를 재무제표에 계상하지 아니하였다."
period_end_adjustment_high,A-10유형-가,MEDIUM,결산시점,L3-04+L3-10,True,"반도체장비 생산업체인 N사는 개발에 실패하여 사업추진을 포기한 슬롯머신 관련 원재료(469백만원) 및 생산중단, 설계실수, 납품취소 관련 기타원재료(151백만원)의 경우 타 용도로의 전용 및 재판매가 불가능하여 순실현가능가액이 하락하였음에도, 이를 재고자산평가손실로 반영하지 않아 재고자"
period_end_adjustment_high,FSS2008-18-1,HIGH,승인통제 / 계정분류,L1-05+L1-07+L3-04+L4-03,False,"회사는 산업용 로봇 등을 생산·공급하며, 로봇응용시스템을 개발하는 업체이다. 회사의 대표이사는 이사회의결을 거치지 않고, 회사의 법인인감을 사용하여 전환사채 투자자들과 계약을 체결한 후 사용 내역을 숨기고 해당 계약사실을 외부감사인에게 은폐하였다. 회사는 X7.9월 B사 인수를 추진하면"
period_end_adjustment_high,A-9유형-가,HIGH,수익통계 / 결산시점,L2-03+L3-04+L3-10+L4-04,False,"""N사는 거래중단·폐업 거래처(A사 등 2사)에 대한 매출채권이 당기에 신규발생하거나 회수된 사실이 없음에도, 매출채권이 증가·감소된 것처럼 허위로 회계처리하고, 매출채권 연령을 조작하여 동 채권을 정상채권으로 분류하고 매출채권에 대한 대손충당금을 과소계상함"""
period_end_adjustment_high,FSS2112-04-01,MEDIUM,결산시점,L3-04+L3-10,True,"""회사는 거래처의 폐업 등으로 회수가 불가능한 부도어음 10억원에 대하여 전액 대손충당금을 설정했어야 함에도, 정상채권에 적용되는 대손충당금 설정기준을 적용하여 대손충당금을 계상함으로써 매출채권을 10억원 과대계상하였다"""
period_end_adjustment_high,A-8유형-나,HIGH,결산시점,L2-03+L3-04+L4-03,False,"""T사는 전산장부를 조작하는 방법으로 임직원의 입사연도를 조정하여 근속기간을 실제보다 축소함으로써, 퇴직급여 및 퇴직급여충당금을 각각 X4년 1,320백만원, X5년 1,328백만원 및 X6년 1,299백만원 과소계상하여 당기순이익을 동액만큼 과대계상한 사실이 있음"""
period_end_adjustment_high,C-5유형-01,N/A(전표무관)+사유,NEW:담보공시누락,L3-04+L3-10,False,"""D사는 X1년말 현재 총자산의 29%를 차지하고, 장부가액과 순자산가액이 매우 크게 차이나는(2,600백만원) A사(지분율 100%)와 S사(지분율 80%) 주식 등 투자주식과 관련하여…당해 투자주식의 소유비율, 순자산가액을 주석으로 기재하지 아니하고, 원가법을 적용하였음에도 관련사실"
period_end_adjustment_high,FSS2206-04,HIGH,결산시점 / 수익통계,L1-05+L3-02+L3-04+L4-03,False,"""재무담당임원의 지시에 따라 의도적으로 선수금을 조기에 매출로 인식하였고, '17.12.31.에는 전산상으로 건당 수백만원에서 수천만원의 허위 수강료 수입 및 교재 수입 매출전표를 생성하여 매출로 계상하는 회계처리 하였다."""
period_end_adjustment_high,FSS2206-07,LOW,계정분류,L3-04+L3-10,True,"""재고자산이 지속적으로 증가하고, 재고자산의 회전율도 지속적으로 하락하여 감모손실 및 평가손실 징후가 발생하였음에도 이를 개선하지 않고 재고자산에 대한 검토를 소홀히 하여 재고자산을 과대계상하였다."""
period_end_adjustment_high,FSS2311_04-01,MEDIUM,"결산시점, 계정분류",L3-04+L4-03,True,"""회사는 종속기업 재무상황 악화로 종속기업투자주식에 손상징후가 발생하였음에도, 회수가능액을 추정하지 않는 등 종속기업투자주식의 손상평가를 소홀히 하여, '19년 및 '20년 1분기에 종속기업투자주식을 과대계상하였다."""
period_end_adjustment_high,FSS2405-03-01,HIGH(NEW조합),"수익통계, 결산시점",L3-04+L3-09+L4-01+L4-03,False,"회사는 거래 상대방과의 변경계약 체결 없이 계약서상 도급금액과 다른 금액 등을 기초로 공사수익을 인식한 결과 x1~x8년까지 공사수익을 과대계상하였다. 또한, x9년 중간감사 과정에서 감사인으로부터 장기간 누적되어 온 공사미수금의 실재성을 입증받도록 요구받자, 전기 재무제표(x1~x8년"
period_end_adjustment_high,FSS2409-01,HIGH,수익통계,L2-03+L3-02+L3-03+L3-11+L4-01+L4-03,False,"""회사는 홍콩에 소재한 기존 주력 거래처(B사)와 공모하여 B사로부터 소개받은 업체(C사)에 P제품을 수출하고, B사로부터 다른 용도의 새로운 원재료(P-1, P-2)를 매입한 것처럼 외관을 형성하고, 수출입대금이 원활하게 융통되는 것으로 위장하기 위해 B사에 원재료 수입대금을 先지급하"
period_end_adjustment_high,FSS2409-03,HIGH(NEW조합),수익통계 / 결산시점,L3-03+L3-04+L4-03,False,"""회사는 영업이익 확보를 위한 자금순환 거래를 위해 손상 사유가 지속되고 있는 해외 자회사에 대한 유상증자를 실시한 후 종속기업투자주식에 대한 손상차손은 인식하지 않은 반면, 대손충당금 환입을 통한 영업수익 인식으로 손익을 조정하였다."""
period_end_adjustment_high,FSS2409-04,MEDIUM,계정분류 / 결산시점,L3-04+L3-10,True,"""회사는 x9년 재무제표 작성시 종속회사가 완전자본잠식 상태로서 청산 결의되었을 뿐 아니라 x9년 4분기 이후로는 회사에 대한 기술지원 용역이 종료되면서 사실상 매출이 전무하였음에도 불구하고, 종속기업투자주식의 손상징후가 없다고 판단하고 회수가능액에 대한 합리적 추정 없이 손상차손을 인"
period_end_adjustment_high,FSS2409-07-가,HIGH,수익통계 / 결산시점,L1-05+L2-03+L3-02+L3-04+L4-03,False,"""회사는 재무제표상 목표 당기순이익 달성을 위해 기말 재고자산명세를 증액 조작하고, 재고자산의 손상을 인식하지 않는 등의 방법으로 재고자산을 허위로 과대계상하였다."""
period_end_adjustment_high,FSS2409-08,HIGH,수익통계 / 계정분류 / 결산시점,L1-07+L2-04+L3-01+L3-02+L3-04+L4-03,False,"""회사는 x1년 이후 재고자산의 출고처리를 누락하는 방법으로 매출원가는 과소, 재고자산은 과대 계상하여 왔으며 매월 별도로 '원가조정' 명목으로 차이금액을 순차적으로 해소하였다. … 이를 내용연수 동안 비용(감가상각) 처리가 가능한 유형자산으로 부당하게 대체하고, 미해소금액은 가공의 재"
period_end_adjustment_high,FSS2409-09,MEDIUM,결산시점 / 계정분류,L3-04+L3-07+L3-10,True,"""회사는 당사자와 지급하지 않기로 합의하여 회사의 경제적 자원이 이전될 의무가 없는 임원에 대한 퇴직급여충당부채를 지정감사인의 권고를 따르는 외형을 이용하여 소급하여 일시에 인식함으로써 자기자본을 과소계상하였다."""
period_end_adjustment_high,FSS2505-01,HIGH,수익통계,L3-02+L3-11+L4-01+L4-03,False,"""회사는 1)허위 세금계산서를 발행하거나, 2)수출신고서에 수출품의 단가와 수량을 실제보다 과도하게 조작하고, 3)수익인식조건(ex 검수조건부, FOB 등)이 충족되지 아니하였음에도 매출을 조기에 인식하는 방법으로 매출을 과대계상하였다. 경영진을 비롯한 영업팀, 회계팀이 매출 조작방식을"
period_end_adjustment_high,FSS2505-02,HIGH,수익통계,L3-02+L3-11+L4-01+L4-03,False,"""사업부문은 허위로 매출 관련 증빙을 작성하고 경영지원팀은 이러한 증빙이 가공의 서류라는 점을 인지하면서도 세금계산서를 발행하는 방식으로 허위 매출을 인식하였다. 또한 외부감사인 재고실사시 조직적으로 허위 데모장비 매출 관련 재고자산을 은폐하였다."""
period_end_adjustment_high,FSS2505-06-가,HIGH,중복자금유출,L2-03+L2-05+L3-04+L4-04,False,"""회사는 x8년 중 사채업자로부터 자금을 빌려 유상증자 대금을 납입하고 바로 상환(가장납입)한 후 이를 은폐하기 위해 기말에 미수금으로 계상하였고, x9년 초에 다시 사채업자로부터 자금을 빌려 미수금이 상환된 것처럼 회계처리하였다. 같은 날 동 자금을 신규투자 에스크로 계약금 명목으로 "
period_end_adjustment_high,FSS2512-01,HIGH,수익통계,L3-02+L3-03+L3-04+L4-03+L4-04,False,"""회사는 상품의 인도 없이 자금의 유출입만 발생하여 거래의 실질이 자금대여거래에 해당함에도, 거래당사자 간 세금계산서 발행으로 외관을 형성하고 허위매출 및 매출원가를 인식하였다. 또한, 기말시점에 가공의 재고자산 계상 사실을 은폐하고자 외부감사인의 재고실사 일정에 맞추어 매입처로부터 임"
period_end_adjustment_high,FSS2512-06,HIGH,결산시점,L3-02+L3-04+L4-01+L4-04,False,"""이미 판매완료된 제품의 생산과정에 투입된 원부자재를 매출원가로 인식하는 대신 가공의 재고자산으로 허위 계상하는 방식으로 당기순이익 및 자기자본을 과대(과소)계상하였다. 또한 … 원재료 보관처(하청 제조업체)에 허위의 회신을 요구하는 등 외부감사를 방해하였다."""
approval_bypass_high,2018-2019-17,HIGH,중복자금유출,L1-06+L2-03+L3-09+L4-03,False,"F사 최대주주이자 대표이사인 A는 F사의 구매팀을 없애는 대신, 차명으로 G사를 설립하여 G사가 F사 제품 생산에 필요한 원재료 일체를 구매하여 제공하도록 하였다. F사는 G사에게 원재료 구입전 구매금액의 30%를 미리 지급하도록 계약을 체결하였고, 이러한 계약을 기초로 F사는 원재료 "
approval_bypass_high,2010-다-C,HIGH,중복자금유출,L1-06+L1-07+L2-02+L2-05,False,"회계팀 자금담당 차장 OOO가 해외자회사에 대한 매출채권을 회사의 승인없이 임의로 거래은행에서 할인하여 개인적인 용도로 유용한 뒤, 횡령한 매출채권의 만기에는 다른 매출채권을 할인하여 횡령한 매출채권이 정상적으로 추심된 것처럼 가장하는 방법으로 총 횡령"
approval_bypass_high,2010-다-P,HIGH,중복자금유출,L1-07+L2-02+L3-09+L4-03,False,"회사는 대여사실을 은폐하기 위해 허위로 회계처리함으로써 계약서 등 지급근거가 없고 충분한 담보도 확보되지 않은 동 대여금에 대해 대손충당금을 과소계상, 회사의 임원 등에게 급여외 보수를 지급하면서 자문료 명목으로 선급금으로 허위 계상"
approval_bypass_high,2010-가-Aa,HIGH,중복자금유출,L1-06+L1-07+L2-02+L4-03,False,자금팀 직원이 금융기관 담당자와의 공모를 통해 약 160여 차례에 걸쳐 회사 계좌에서 본인의 계좌로 자금을 무단이체하는 방식으로 총 횡령
approval_bypass_high,2010-다-Ll,HIGH,중복자금유출,L1-07+L2-02+L3-02+L4-03,False,"회사 前실질경영자가 임의로 사채업자 등으로부터 자금을 차입하여 유용하였음에도, 동 부채 반영시 상장폐지요건에 해당됨에 따라 관련 회계처리를 누락하여 부채 과소계상, 허위의 경영권양수도계약을 체결하고 대표이사가 사채업자로부터 차입한 자금으로 법무법인과 에스크로 계약을 체결하였음에도 경영권"
approval_bypass_high,A5-나-K,HIGH,중복자금유출,L1-06+L1-07+L2-02+L3-02+L4-03,False,"자금팀장 J가 자금거래 관련 증빙을 위·변조하거나 장부에 누락하는 방법으로 자금을 횡령함으로써, 제13기(X1년)부터 제17기(X5년)까지 매 회계연도말 현재 현금및현금등가물 등의 자산을 각각 과대계상. J가 횡령 관련 금융거래처에 대한 자금입출금, 거래승인, 잔액조회를 직접 담당하는 "
approval_bypass_high,A5-다-T,HIGH,중복자금유출,L1-05+L2-02+L3-02+L4-03,False,"대표이사가 회사자금을 무단 인출하고 이를 상환하지 못하고, 동 대표이사의 차입금에 담보로 제공한 회사예금이 상계처리되어 회사의 자금이 부족하자, 이를 은폐할 목적으로 제3자 명의로 발행된 양도성예금증서를 매입한 것처럼 회계장부 및 취득증빙 등을 조작하여 단기금융상품 722억원을 허위로 "
approval_bypass_high,A5-마-V,HIGH,중복자금유출,L1-05+L2-02+L3-02+L4-03,False,"대표이사의 회사자금 무단인출로 현금시재가 장부잔액보다 106억원 부족한 것을 은폐하기 위하여, 사채업자로부터 일시적으로 빌린 자기앞수표 4매를 이용하여 현금및현금등가물 106억원을 허위계상하고 특수관계자와의 거래내용을 주석으로 기재하지 아니함"
approval_bypass_high,A5-사-E,HIGH,중복자금유출,L1-05+L2-02+L3-02+L4-03,False,"대표이사가 회사자금을 무단 인출하였으나 이를 은폐하기 위해, 종업원에게 대여한 것처럼 허위의 금전소비대차계약서를 작성하는 방법으로 단기대여금을 허위로 계상하고 주석에도 종업원에게 대여한 것으로 허위표시한 사실이 있음"
approval_bypass_high,2012-바-A,HIGH,중복자금유출 / 승인통제,L1-04+L1-05+L1-07+L2-02,False,"회사가 추진 중이던 유상증자를 성사시키기 위해 회사자금을 인출하여 시세조종전문가에게 회사주식 시세조종자금으로 지급하였음에도, 신규사업 추진을 위한 정상적인 대여금인 것처럼 허위계상. 계약서 및 이사회결의 없이 폐업업체에게 수시로 자금을 송금한 후, 사후적으로 미상환 잔액에 대하여 대여계"
approval_bypass_high,2012-바-다,HIGH,중복자금유출,L1-05+L2-02+L2-05+L3-01,False,"등기이사·최대주주 겸 업무집행지시자가 P사 등 5인의 명의를 이용하여 횡령한 금액을 단기대여금으로 허위계상한 후, 횡령사실을 은폐하기 위해 동 단기대여금을 타사 주식을 취득한 것처럼 계정대체하는 방법으로 지분법적용투자주식을 과대계상"
approval_bypass_high,2012-아-마,MEDIUM,중복자금유출,L1-07+L2-02+L2-03,True,리베이트 제공 목적의 부외자금을 조성하기 위해 회사가 제공받지 않은 용역에 대해 대금을 송금한 후 돌려받는 방법으로 매립시설 등 유형자산을 허위로 계상
approval_bypass_high,2012-자-나,HIGH,결산시점,L1-05+L3-02+L3-04+L4-03,False,대표이사가 결산일에 문방구 약속어음을 회사에 제출하여 '미수금' 및 '자산수증이익'으로 계상한 후 익년 2월말에 회사 계좌에 입금하여 미수금이 회수된 것처럼 처리하여 자산수증이익을 허위계상
approval_bypass_high,2012-타-가,HIGH,중복자금유출 / 수익통계,L1-05+L2-02+L3-02+L4-01,False,"업무집행지시자(회장)의 배임·횡령, 가공매출 계상 등 불법행위의 결과로 회사에 존재하지 않는 예금 및 약정투자자산을 통장, 은행조회서 등을 위조하여 실재하는 것처럼 회계처리"
approval_bypass_high,2011-나-나,HIGH,중복자금유출 / 승인통제,L1-05+L1-06+L2-02,False,회사의 재무담당임원이 회사자금 운용 수익을 영업용 비자금으로 사용하기 위하여 회사자금을 유가증권에 투자하여 운용하는 과정에서 자금운용을 의뢰받은 자가 동 자금을 횡령하여 선물투자 등으로 사용하여 소진되었음에도 이를 올바르게 회계처리하지 아니함
approval_bypass_high,2011-나-바,HIGH,중복자금유출,L1-05+L2-02+L4-03,False,사실상 가치가 없는 해외소재 FF사 주식에 대하여 전 대표이사가 취득대가를 지급하지 않았음에도 이를 취득한 것처럼 처리하여 지분법적용 투자주식을 허위계상
approval_bypass_high,2011-나-사,HIGH,중복자금유출,L1-05+L2-02+L3-04+L4-03,False,전 대표이사가 대차대조표일 이후에 거액의 횡령금을 회사에 반환한 즉시 동 자금으로 완전자본잠식상태인 GG사 주식을 동사의 주주간 최근 매매가액에 비해 22.5배에 달하는 고가에 취득하였다는 점 등에서 회사 주장의 신뢰성을 충분히 의심할 수 있는 상황
approval_bypass_high,2011-다-다,HIGH,중복자금유출,L1-05+L2-02+L2-05+L3-01,False,"회장(등기이사) 겸 최대주주인 업무집행지시자가 CC사 등 5인의 명의를 이용하여 자금을 횡령하고 이를 은폐하기 위하여 단기대여금으로 허위계상하였고, 그 중 일부 단기대여금은 주식으로 계정 대체하는 방법으로 처리하여 결과적으로 지분법적용투자주식을 과대계상"
approval_bypass_high,2011-라-라,HIGH,중복자금유출,L1-05+L2-02+L4-03,False,前 최대주주의 회사자금 무단유출 사실을 은폐하기 위해 특허권의 실제 취득가액보다 약 100배 가량 높이는 방법으로 거래 상대방과 허위로 매매계약을 체결하여 특허권을 과대계상
approval_bypass_high,2011-라-마,HIGH,중복자금유출 / 결산시점,L1-05+L2-02+L3-04+L4-03,False,기중 유상증자 직후 선급금 지급 등의 명목으로 유출한 자금을 기말에 회수한 것처럼 회계처리하기 위해 업무집행지시자가 사채업자로부터 차입한 자금을 현금및현금성자산으로 허위계상(동 자금은 감사보고서 제출 익일에 인출되어 동 차입금 상환에 사용)
approval_bypass_high,2015-아,HIGH,중복자금유출,L1-05+L2-02+L3-02+L4-03,False,"자회사를 설립하여 6백만불을 송금하고, 송금후 1~2일내 전액 불법인출하여 자회사가 보유한 자산이 없는 등 지분법적용투자주식의 가치가 없음에도 불구하고, 자회사가 송금받은 거액의 예금자산을 보유하고 있는 것처럼 은행 조회서를 위조하는 등의 방법으로 자회사에 대한 지분법 적용투자주식을 허"
approval_bypass_high,A-2유형-가,HIGH,중복자금유출 / 수익통계,L1-05+L2-02+L3-02+L4-01+L4-03,False,"회사는 제37기에 대표이사가 사채업자로부터 자금을 차입하여 경영권 취득후 회사자금을 무단 인출하고 이를 은폐하기 위하여 단기대여금을 과대계상하는 한편, 상품매입으로 처리한 후 가공의 매출을 계상함으로써 매출채권 과대계상"
approval_bypass_high,A-2유형-바,HIGH,중복자금유출,L1-05+L2-02+L3-01+L4-03,False,"경영진의 영업활동과 관계없는 어음·수표 발행 등으로 인한 자금유출액 10,486백만원에 대하여 회수가능성이 없음에도, 현금및현금등가물과 선급금으로 가공계상하고, 일부는 매입채무와 상계처리함으로써 당기순이익 및 자기자본을 과대계상"
approval_bypass_high,A-2유형-자,HIGH,중복자금유출,L1-05+L2-02+L3-02+L4-03,False,회사 자금의 부당인출을 은폐할 목적으로 ⃝⃝사와 허위의 영업권 이전 계약서를 작성하고 가공의 선급금을 계상. 회사 자금의 부당인출을 은폐할 목적으로 주식 취득 대금을 지급한 것처럼 회계처리하여 지분법적용투자주식을 과대계상함
approval_bypass_high,2014-가(선급금),HIGH,횡령은폐→중복자금유출,L1-05+L3-02+L4-03,False,"회사가 2회 연속 자본잠식률 50%이상으로 상장폐지 위기에 처하자 가장납입을 통해 현금및현금성자산을 허위계상 한 후, 이를 은폐하기 위해 대주주는 회사명의로 광업권자에게 무통장입금하는 방식으로 선급금으로 계상함"
approval_bypass_high,2016-가(지분직원횡령),HIGH,중복자금유출,L1-06+L2-02+L3-03,False,회사 직원이 회사 소유 계열사 주식을 무단 매도하여 소유 주식수가 감소하였음에도 이를 재무제표에 반영하지 않음으로써 지분법적용투자주식을 과대계상함
approval_bypass_high,2016-가(저축은행충당),HIGH,결산시점,L1-05+L3-04+L4-03,False,"회사의 대표이사는 결산시 정상적으로 자산건전성분류를 하여 대손충당금을 계상할 경우 BIS비율이 기준비율 미만으로 하락하여 적기시정조치 대상이 된다는 것을 인지하고 이를 회피하기 위해 고의로 정상, 요주의 등으로 상향조정하여 대손충당금을 과소계상"
approval_bypass_high,2013-나(지분법허위),HIGH,중복자금유출,L1-05+L2-03+L3-02+L4-03,False,"아무런 공장시설 및 실체가 없는 페이퍼컴퍼니를 이용하여 사채업자를 통해 융통된 자금으로 사모증자 형식으로 가장납입하고 그 증자대금으로 페이퍼컴퍼니의 지분 100%를 취득한 것처럼 가장하였으나 자금추적 결과 사채업자 차입금을 상환하였고 페이퍼컴퍼니는 매출, 본사 및 공장이 존재하지 않는 "
approval_bypass_high,2013-가(대여금충당),HIGH,승인통제,L1-04+L1-07+L3-03+L4-03,False,"회사의 실질적인 최대주주의 지시에 따라 실질적인 최대주주와 친분이 있는 법인 및 개인에게 통상적인 심사절차 없이 대여를 승인하고, 회수가능성이 희박한 상기대여금에 대한 대손충당금을 과소계상하였음"
approval_bypass_high,2013-나(선급금횡령),HIGH,중복자금유출,L1-05+L2-02+L2-03+L3-02+L4-03,False,"전 등기이사 겸 실질사주 등의 횡령사실을 은폐하기 위해 거래업체와 허위의 계약서, 세금계산서 등을 작성하여 매출채권, 선급금 및 대여금 등으로 인식하고, 사채업자에게 자금을 빌려 일시적으로 은행에 입금하는 등 자산을 허위계상"
approval_bypass_high,2018-가(직원횡령),HIGH,중복자금유출,L1-06+L2-02+L3-02+L4-03,False,자금 및 회계를 담당하던 직원이 본인의 주식투자 손실을 만회하기 위하여 회사 자금을 횡령한 후 현금 등 자산을 가공으로 계상하거나 매입채무 등 부채를 누락시켰음에도 이를 인지하지 못해 당기순이익 및 자기자본을 과대계상함
approval_bypass_high,2018-바(선급금횡령),HIGH,중복자금유출,L1-05+L2-02+L3-02+L4-03,False,"전대표이사는 허위 거래나 가격을 부풀린 거래 등을 통해 회사 자금을 횡령하였고, 이 과정에서 회사 재무제표에 선급금 및 유형자산 등이 과대계상된 사실이 있음"
approval_bypass_high,A-1유형-다,HIGH,수익통계 / 중복자금유출,L1-05+L2-03+L3-02+L4-01+L4-03,False,"K사는 대표이사가 허위의 매입세금계산서를 교부받아 매출원가를 허위 계상하고, 허위의 매출세금계산서를 교부하여 매출 및 외상매출금을 허위 계상하며, 실제 대여 사실이 없음에도 단기대여금을 허위 계상하는 등 자금을 임의로 사용하였음"
approval_bypass_high,FSS2008-08-1,HIGH,수익통계,L1-05+L3-02+L3-04+L4-03,False,"A사의 회계팀은 경영진이 원하는 수준의 매출·영업이익으로 맞추도록 지시받아 수주액, 공사예정원가, 발생원가의 프로젝트 번호 등을 조작하여 진행률을 과대 산정하고 매출 및 매출채권을 과대계상하였다"
approval_bypass_high,유형자산허위-1,HIGH,중복자금유출,L1-05+L2-02+L3-02+L4-03,False,회사의 대표이사이자 최대주주 B는 차명 주주 및 대표이사를 내세운 C사에 공사비를 과도하게 지급하고 가공공사가 실제 실행된 것처럼 허위증빙들을 작성하여 유형자산 및 감가상각비를 과대계상하였다
approval_bypass_high,FSS2008-05-1,HIGH,중복자금유출,L1-05+L1-07+L2-02+L3-02,False,A사는 B2B전자결제 중개업 인수 후 경영진이 내부 결재절차 없이 페이퍼컴퍼니에 대한 대여를 가장하여 회사자금을 무단인출하고 사후적으로 계약서 및 담보서류 등 증빙자료를 허위작성하는 방식으로 자금을 유용하였음에도 대여금으로 허위계상하였다
approval_bypass_high,대여금허위-1,HIGH,중복자금유출,L1-05+L2-02+L3-09+L4-03,False,"C사는 장기 연체된 D사 매출채권 회수를 위해 완전자본잠식 상태인 E사의 매도가능증권을 100억원으로 계상하고 D사 매출채권이 모두 회수된 것으로 처리하였으며, 대표이사는 선급금 명목으로 자금을 인출하여 E사에 송금 후 다시 회수하는 방식으로 매도가능증권이 정상 상환된 것으로 위장하였다"
approval_bypass_high,매출채권허위-1,HIGH,중복자금유출,L1-06+L2-02+L3-02+L4-03,False,"회사는 부실거래처(前 재무담당임원이 설립)에 대한 자금유출액 및 임직원 횡령으로 추정되는 금액을 매출채권으로 허위계상하고, 회수가능성이 없는 동 금액을 임의로 정상거래처에 대한 매출채권으로 가장하는 등 회계장부를 조작하였으며, 실제 거래처 담당자와 무관한 제3자로 하여금 감사인에게 채권"
approval_bypass_high,FSS2112-06-1,HIGH,중복자금유출 / 승인통제,L1-05+L1-06+L2-02+L4-03,False,"회사는 부회장 겸 공시담당이사 B가 회사의 자기주식 100만주(장부가액 102억원)를 담보로 제공한 뒤, 실물 출고한 다음 C 등의 차명계좌에 입고시켜 장내 처분하고 동 처분대금을 회사에 입금하지 않았다. 회사는 이같은 사실을 인지하지 못하여 자기주식의 인출과 매도와 관련하여 아무런 회"
approval_bypass_high,FSS2112-09-1,HIGH,중복자금유출 / 승인통제,L1-04+L2-02+L3-02+L4-03,False,"의료기기 도매업을 영위하는 A사의 신규 경영진은 주식 및 경영권을 양수하는 과정에서 횡령 및 배임이 발생하였고, C사 주식에 대한 주식양수도계약을 허위로 체결하고 계약금 및 중도금 명목으로 57억원을 D의 계좌에 송금(선급금으로 회계처리)한 뒤, 이를 인출하여 사채업자에 상환하였다. 선"
approval_bypass_high,선급금허위-1,HIGH,중복자금유출 / 승인통제,L1-05+L2-02+L3-02+L4-03,False,현 경영진이 前 대표이사의 인출 자금에 대해 정당한 지출증빙 등이 없어 상환요구하고 상환확약서까지 징구한 사실은 회사가 前 대표이사의 횡령·배임 혐의를 인지하였다는 것을 의미함에도 회사는 前 대표이사가 인출한 자금을 선급금을 과대계상하였다.
approval_bypass_high,FSS2112-27-1,HIGH(NEW조합),수익통계 / 중복자금유출,L1-05+L3-02+L4-03,False,"회사는 '11년 12월 관리종목 지정을 회피하기 위해 대표이사가 제공한 문방구어음 25억원을 미수금 및 자산수증이익으로 계상하였다. '12년 2월 회사의 실질사주 B는 회사 계좌에 25억원을 입금하여 미수금이 회수된 것처럼 회계처리하였고, '12년 3월 회계감사가 종료된 이후에 회사 통"
approval_bypass_high,FSS2008-27-1,MEDIUM,중복자금유출 / 승인통제,L1-07+L2-02+L3-02,True,"A사는 'x5.12.31. 고객전문모집인 B와 고객알선계약 체결하고 현금 5억원을 지급하였으나 지급수수료 회계처리를 누락하였고, 일시적인 차입으로 현금 등의 외부유출을 숨겼으며, 동 차입금의 차입·상환시에도 일체의 회계처리를 누락하였다."
approval_bypass_high,FSS2008-25-1,HIGH,중복자금유출 / 결산시점,L1-06+L2-02+L3-04+L3-09,False,K저축은행은 회사직원과 차주가 공모하여 이자대납을 위해 대출받는 등 실질적인 연체여신에 대해 관련 규정을 준수하지 않고 대손충당금을 적립하였다. 연체 사실을 숨기기 위해 회사직원과 공모하여 추가대출을 받았는데 해당 여신은 물론이고 해당 여신의 이자를 대납하기 위한 대출도 연체와 동일한 
approval_bypass_high,FSS2008-20-1,HIGH,중복자금유출 / 승인통제,L1-05+L2-02+L3-02+L4-03,False,"실질사주였던 A씨는 완전자본잠식에 의한 상장폐지가 우려되자 60억원은 A씨가 사채업자로부터 조달한 금액으로, 주금을 납입한 즉시 인출하여 사채업자에게 변제하였다. 또한 회사는 D사와 허위 부동산 매매계약을 체결하였으며, 유형자산 및 미수금을 허위계상하였다."
approval_bypass_high,파생금융부채-1,HIGH,승인통제 / 계정분류,L1-05+L1-07+L3-04+L4-03,False,"회사의 대표이사는 이사회의결을 거치지 않고 회사의 법인인감을 무단으로 사용하여 조건부 풋옵션 계약을 체결하고, 외부감사인에게도 동 계약을 밝히지 않았다. 회사가 C사에 부여한 조건부 풋옵션은 파생금융부채에 해당함에도 이를 재무제표에 계상하지 아니하였다."
approval_bypass_high,FSS1912-17-1,HIGH,중복자금유출 / 승인통제,L1-05+L1-06+L2-02+L3-03+L4-03,False,"F사 최대주주이자 대표이사인 A는 F사의 구매팀을 없애는 대신, 차명으로 G사를 설립하여 G사가 F사 제품 생산에 필요한 원재료 일체를 구매하여 제공하도록 하였다. 이러한 계약을 기초로 F사는 원재료 등 구입명목으로 G사에 회사 자금을 지급한 후 선급금으로 계상하였고 대표이사 A는 이를"
approval_bypass_high,FSS2008-18-1,HIGH,승인통제 / 계정분류,L1-05+L1-07+L3-04+L4-03,False,"회사는 산업용 로봇 등을 생산·공급하며, 로봇응용시스템을 개발하는 업체이다. 회사의 대표이사는 이사회의결을 거치지 않고, 회사의 법인인감을 사용하여 전환사채 투자자들과 계약을 체결한 후 사용 내역을 숨기고 해당 계약사실을 외부감사인에게 은폐하였다. 회사는 X7.9월 B사 인수를 추진하면"
approval_bypass_high,FSS2112-15-01,HIGH,중복자금유출 / 승인통제,L1-05+L2-03+L3-10,False,"""경영진이 최대주주이자 업무집행지시자 C의 지시에 따라 단기대여금 명목으로 회사의 자금을 인출한 바, 회사가 임직원 등의 부당 자금인출 등을 은폐하기 위하여 단기대여금 50억원을 허위계상하였다고 지적하였다"""
approval_bypass_high,FSS2112-18-01,HIGH,중복자금유출 / 승인통제,L1-05+L2-03+L3-03,False,"""회사 대표이사는 동 대금을 회사가 아닌 회사의 모회사인 C사에 입금하도록 하고 선수금 등 관련한 회계처리를 누락하였다…선수금을 회사 모회사인 C사가 수취하는 것처럼 외관상 꾸미는 방식으로 지급액 270억원에 대하여 회계처리하지 아니함으로써 선수금을 과소계상하였다"""
approval_bypass_high,FSS2206-04,HIGH,결산시점 / 수익통계,L1-05+L3-02+L3-04+L4-03,False,"""재무담당임원의 지시에 따라 의도적으로 선수금을 조기에 매출로 인식하였고, '17.12.31.에는 전산상으로 건당 수백만원에서 수천만원의 허위 수강료 수입 및 교재 수입 매출전표를 생성하여 매출로 계상하는 회계처리 하였다."""
approval_bypass_high,FSS2311-17-01,HIGH,중복자금유출 / 승인통제,L1-05+L1-07+L2-02+L3-02,False,"""대표이사 甲은 가족 및 지인을 회사의 직원으로 가장하여 급여를 지급하고 타인명의 계좌로 반환받는 방법으로 회사자금을 횡령하였고, 임직원 단기대여금 명목으로 회사자금을 임직원들에게 이체한 뒤 동 금액을 횡령하였다."""
approval_bypass_high,FSS2405-07-01,HIGH,승인통제,L1-06+L1-07+L3-09+L4-03,False,"ERP에 관리창고를 개설하는 과정에서 회계담당부서가 이를 승인하거나 통보받는 통제절차가 없었으며, 현업부서 직원의 잦은 입퇴사로 인한 인수인계 미비 및 ERP 조작미숙 등의 사유로 가공의 재고자산이 정리되지 않고 관리창고에 계속 방치되는 문제가 장기간 누적되었다. 회사는 입·출고 관리가"
approval_bypass_high,FSS2409-07-가,HIGH,수익통계 / 결산시점,L1-05+L2-03+L3-02+L3-04+L4-03,False,"""회사는 재무제표상 목표 당기순이익 달성을 위해 기말 재고자산명세를 증액 조작하고, 재고자산의 손상을 인식하지 않는 등의 방법으로 재고자산을 허위로 과대계상하였다."""
approval_bypass_high,FSS2409-08,HIGH,수익통계 / 계정분류 / 결산시점,L1-07+L2-04+L3-01+L3-02+L3-04+L4-03,False,"""회사는 x1년 이후 재고자산의 출고처리를 누락하는 방법으로 매출원가는 과소, 재고자산은 과대 계상하여 왔으며 매월 별도로 '원가조정' 명목으로 차이금액을 순차적으로 해소하였다. … 이를 내용연수 동안 비용(감가상각) 처리가 가능한 유형자산으로 부당하게 대체하고, 미해소금액은 가공의 재"
approval_bypass_high,FSS2409-10,HIGH,중복자금유출 / 승인통제,L1-05+L1-06+L1-07+L2-02+L3-02,False,"""직원 갑은 법인 계좌의 입·출금 내역과 회계장부상 입·출금 기록을 대사하는 절차가 형식적으로 이루어지고, 상급자 승인 없이 본인이 직접 회계장부에 전표를 작성하고 입력할 수 있다는 점에 착안하여 거액의 자금 횡령을 계획하였다. 직원 갑은 대표이사의 결재 없이 은행으로부터 회사 명의의 "
expense_capitalization_high,2011-라-나,HIGH,계정분류,L1-06+L2-04+L3-02+L3-04,False,"취득사실이 없는 기계설비를 취득한 것으로 계상, 폐기·매각한 기계장치의 장부가액을 미제거, 제조원가로 처리해야 할 노무비·소모품비 등을 시운전비라며 기계장치 등의 취득부대비용으로 계상, 매입한 소모품을 기계장치로 계상, 기계장치의 감가상각 개시시기를 늦추는 방법 등으로 유형자산을 과대계"
expense_capitalization_high,A-3유형-나,HIGH,계정분류,L2-04+L3-02+L4-03,False,H사는 건설중인자산(수입 기계장치)을 가공계상한 후 이를 기계장치 등으로 대체하여 실제 자산을 보유하고 있는 것처럼 회계처리하여 X1~X4 회계연도에 유형자산을 가공계상하였음
expense_capitalization_high,A-3유형-다,HIGH,계정분류,L2-04+L3-02+L4-03,False,"N사는 특정거래처로부터 실제로 물품을 구매하지 않고 허위로 작성된 세금계산서, 대금 영수증 등을 제공받아 회계처리하여 X0~X3 회계연도에 자산을 과대계상하였음"
expense_capitalization_high,FSS2206-08,HIGH(NEW조합),계정분류,L2-04+L3-02+L4-03,False,"""회사는 유상사급재 매입액 및 외주가공비 등 비용 항목을 유형자산 취득 항목으로 허위 변경하여 자기자본을 과대계상하였다. 유형자산 등을 허위계상하는 과정에서 관련 계약서, 품의서 및 세금계산서 등을 위조하였고, 외주가공비를 유형자산으로 변경하는 등 관련 회계시스템을 조작하였다."""
expense_capitalization_high,FSS2311-10-01,HIGH,계정분류 / 승인통제,L1-06+L2-04+L3-02,False,"""회계팀장 甲은 당기비용으로 회계처리해야 하는 외주가공비 등을 유형자산으로 계상하는 등의 방법으로 2억원의 당기이익이 발생한 것처럼 손익을 조작하였다."" / ""손익조정 분개를 아무 증빙 없이 회사의 회계시스템에 입력하였음에도 이러한 부정행위를 통제·적발할 수 있는 내부통제절차가 전무하였"
expense_capitalization_high,FSS2409-08,HIGH,수익통계 / 계정분류 / 결산시점,L1-07+L2-04+L3-01+L3-02+L3-04+L4-03,False,"""회사는 x1년 이후 재고자산의 출고처리를 누락하는 방법으로 매출원가는 과소, 재고자산은 과대 계상하여 왔으며 매월 별도로 '원가조정' 명목으로 차이금액을 순차적으로 해소하였다. … 이를 내용연수 동안 비용(감가상각) 처리가 가능한 유형자산으로 부당하게 대체하고, 미해소금액은 가공의 재"
